-- phpMyAdmin SQL Dump
-- version 4.8.4
-- https://www.phpmyadmin.net/
--
-- Host: localhost
-- Generation Time: Feb 15, 2019 at 07:03 AM
-- Server version: 8.0.13
-- PHP Version: 7.2.11

SET SQL_MODE = "NO_AUTO_VALUE_ON_ZERO";
SET AUTOCOMMIT = 0;
START TRANSACTION;
SET time_zone = "+00:00";


/*!40101 SET @OLD_CHARACTER_SET_CLIENT=@@CHARACTER_SET_CLIENT */;
/*!40101 SET @OLD_CHARACTER_SET_RESULTS=@@CHARACTER_SET_RESULTS */;
/*!40101 SET @OLD_COLLATION_CONNECTION=@@COLLATION_CONNECTION */;
/*!40101 SET NAMES utf8mb4 */;

--
-- Database: `cd105g3`
--

-- --------------------------------------------------------

--
-- Table structure for table `admin`
--

CREATE TABLE `admin` (
  `admNo` int(11) NOT NULL,
  `admId` varchar(30) CHARACTER SET utf8 COLLATE utf8_general_ci NOT NULL,
  `admPsw` varchar(20) CHARACTER SET utf8 COLLATE utf8_general_ci NOT NULL,
  `admName` varchar(30) CHARACTER SET utf8 COLLATE utf8_general_ci NOT NULL,
  `admPower` tinyint(4) NOT NULL DEFAULT '1' COMMENT '0:停權,1:一般管理員,2:root',
  `admImg` varchar(255) CHARACTER SET utf8 COLLATE utf8_general_ci DEFAULT NULL COMMENT 'default:default.jpg'
) ENGINE=InnoDB DEFAULT CHARSET=utf8;

--
-- Dumping data for table `admin`
--

INSERT INTO `admin` (`admNo`, `admId`, `admPsw`, `admName`, `admPower`, `admImg`) VALUES
(1, '111', '111', 'Admin', 1, NULL),
(2, 'chloe', 'chloe', 'Chloe', 2, NULL),
(3, 'gina', 'gina', 'Gina', 2, NULL),
(4, 'elison', 'elison', 'Elison', 2, NULL),
(5, 'fu', 'fu', 'Fu', 2, NULL),
(6, 'jin', 'jin', 'Jin', 2, NULL),
(7, 'snm', 'snm', 'Snm', 2, NULL),
(8, 'andy', 'andy', 'Andy', 2, NULL);

-- --------------------------------------------------------

--
-- Table structure for table `collection`
--

CREATE TABLE `collection` (
  `collectNo` int(11) NOT NULL,
  `memNo` int(11) NOT NULL COMMENT 'FK',
  `jnNo` int(11) NOT NULL COMMENT 'FK'
) ENGINE=InnoDB DEFAULT CHARSET=utf8;

--
-- Dumping data for table `collection`
--

INSERT INTO `collection` (`collectNo`, `memNo`, `jnNo`) VALUES
(1, 1, 1),
(2, 1, 2),
(3, 1, 3),
(4, 2, 1),
(5, 2, 2),
(6, 3, 1),
(7, 2, 3),
(9, 3, 3),
(10, 3, 2),
(11, 1, 4),
(12, 1, 5),
(13, 1, 6),
(14, 1, 7),
(15, 1, 8),
(16, 1, 9),
(17, 1, 10),
(18, 2, 4),
(19, 2, 6),
(20, 2, 8),
(21, 2, 9),
(22, 2, 11),
(23, 3, 5),
(24, 3, 4),
(25, 3, 6),
(26, 3, 7),
(27, 3, 8),
(28, 3, 9),
(29, 3, 10),
(30, 3, 11),
(31, 3, 12),
(32, 3, 13),
(33, 4, 1),
(34, 4, 2),
(35, 4, 3),
(36, 5, 1),
(37, 5, 2),
(38, 5, 3),
(39, 5, 4),
(40, 5, 6),
(41, 5, 7),
(42, 5, 8),
(43, 5, 9),
(44, 5, 10),
(45, 5, 11),
(46, 4, 16),
(47, 5, 12),
(48, 3, 17),
(49, 5, 13),
(50, 1, 19);

-- --------------------------------------------------------

--
-- Table structure for table `equipment`
--

CREATE TABLE `equipment` (
  `eqmNo` int(11) NOT NULL,
  `eqmName` varchar(30) NOT NULL,
  `eqmKind` varchar(30) NOT NULL,
  `eqmImg` varchar(255) DEFAULT NULL
) ENGINE=InnoDB DEFAULT CHARSET=utf8;

--
-- Dumping data for table `equipment`
--

INSERT INTO `equipment` (`eqmNo`, `eqmName`, `eqmKind`, `eqmImg`) VALUES
(1, '帳篷', '寢具類', NULL),
(2, '睡袋外套', '寢具類', NULL),
(3, '睡袋內套', '寢具類', NULL),
(4, '露宿袋', '寢具類', NULL),
(5, '保暖睡墊', '寢具類', NULL),
(6, '急救求生用品', '醫療類', NULL),
(7, '個人藥品', '醫療類', NULL),
(8, '防蚊液', '醫療類', NULL),
(9, '高山藥', '醫療類', NULL),
(10, '防曬油', '醫療類', NULL),
(11, '防風衣', '衣物類', NULL),
(12, '保暖衣', '衣物類', NULL),
(13, '雨衣', '衣物類', NULL),
(14, '保暖手套', '衣物類', NULL),
(15, '遮陽帽', '衣物類', NULL),
(16, '保暖帽', '衣物類', NULL),
(17, '登山杖', '配件類', NULL),
(18, '登山鞋', '配件類', NULL),
(19, '登山襪', '配件類', NULL),
(20, '頭燈', '配件類', NULL),
(21, '指北針', '配件類', NULL),
(22, '扣繩', '配件類', NULL),
(23, '冰爪', '配件類', NULL),
(24, '防水袋', '配件類', NULL),
(25, '望遠鏡', '配件類', NULL),
(26, '爐子(汽化爐、瓦斯爐)', '炊具類', NULL),
(27, '爐子燃料', '炊具類', NULL),
(28, '保溫壺', '炊具類', NULL),
(29, '套鍋組', '炊具類', NULL),
(30, '擋風板', '炊具類', NULL),
(31, '打火機', '炊具類', NULL),
(32, '行動乾糧', '食品類', NULL),
(33, '乾燥食品', '食品類', NULL),
(34, '高熱量口糧', '食品類', NULL),
(35, '綜合維他命', '食品類', NULL),
(36, '濾水器', '食品類', NULL),
(37, '調味品', '食品類', NULL);

-- --------------------------------------------------------

--
-- Table structure for table `guide`
--

CREATE TABLE `guide` (
  `gdNo` int(11) NOT NULL COMMENT '嚮導編號',
  `gdImg` varchar(255) CHARACTER SET utf8 COLLATE utf8_general_ci NOT NULL COMMENT '嚮導頭像(路徑)',
  `gdName` varchar(30) CHARACTER SET utf8 COLLATE utf8_general_ci NOT NULL COMMENT '嚮導姓名',
  `gdId` char(10) CHARACTER SET utf8 COLLATE utf8_general_ci NOT NULL COMMENT '嚮導身分證字號',
  `gdTel` varchar(15) CHARACTER SET utf8 COLLATE utf8_general_ci NOT NULL COMMENT '嚮導電話',
  `skill` text CHARACTER SET utf8 COLLATE utf8_general_ci NOT NULL COMMENT '嚮導專長',
  `hp` int(11) NOT NULL COMMENT '體能表現(值為0~60)',
  `exp` int(11) NOT NULL COMMENT '帶團經驗(值為0~60)',
  `survival` int(11) NOT NULL COMMENT '求生能力(值為0~60)',
  `strain` int(11) NOT NULL COMMENT '應變能力(值為0~60)',
  `yds` int(11) NOT NULL COMMENT 'YDS等級(值為0~60)',
  `gdStatus` tinyint(1) NOT NULL COMMENT '嚮導狀態'
) ENGINE=InnoDB DEFAULT CHARSET=utf8;

--
-- Dumping data for table `guide`
--

INSERT INTO `guide` (`gdNo`, `gdImg`, `gdName`, `gdId`, `gdTel`, `skill`, `hp`, `exp`, `survival`, `strain`, `yds`, `gdStatus`) VALUES
(1, '1.jpg', 'Hash', 'A123456789', '0912345678', '熟悉地質的探勘、地層的結構、擅長高山百岳健行、中級山探勘、高海拔遠征、攀岩極冰攀略有涉獵、精通登山野外求生技巧。', 40, 50, 55, 60, 59, 1),
(2, '2.jpg\r\n', 'Edison', 'A123456790', '0912345679', '熟悉地質的探勘、擅長高山百岳健行、中級山探勘、攀岩極冰攀略有涉獵、精通登山野外求生技巧。', 48, 58, 59, 56, 50, 1),
(3, '3.jpg\r\n', 'Roy', 'A123456791', '0912345680', '熟悉地質的探勘、高海拔遠征、攀岩極冰攀略有涉獵、精通登山野外求生技巧。', 58, 56, 53, 58, 55, 1),
(4, '4.jpg\r\n', 'James', 'A123456792', '0912345681', '攀岩甲級、熟悉地質的探勘、地層的結構、擅長高山百岳健行、中級山探勘、高海拔遠征、攀岩極冰攀略有涉獵、精通登山野外求生技巧。', 56, 53, 58, 59, 56, 1),
(5, '5.jpg\r\n', 'Anne', 'A123456793', '0912345682', '攀岩甲級、高海拔遠征、攀岩極冰攀略有涉獵、精通登山野外求生技巧。', 47, 57, 56, 53, 58, 1),
(6, '6.jpg\r\n', 'Victor', 'A123456794', '0912345683', '攀岩甲級、熟悉地質的探勘、地層的結構、擅長高山百岳健行、中級山探勘、高海拔遠征、攀岩極冰攀略有涉獵、精通登山野外求生技巧。', 50, 53, 40, 50, 57, 1),
(7, '7.jpg', 'Alex', 'A123456795', '0912345684', '中級山探勘、高海拔遠征、攀岩極冰攀略有涉獵、精通登山野外求生技巧。', 56, 58, 48, 58, 53, 1),
(8, '8.jpg', 'Ben', 'A123456796', '0912345685', '攀岩甲級、熟悉地質的探勘、地層的結構、擅長高山百岳健行、中級山探勘。', 53, 50, 58, 56, 40, 1),
(9, '9.jpg\r\n', 'Dowson', 'A123456797', '0912345686', '攀岩甲級、中級山探勘、高海拔遠征、攀岩極冰攀略有涉獵、精通登山野外求生技巧。', 57, 58, 56, 53, 48, 1),
(10, '10.jpg\r\n', 'Watson', 'A123456798', '0912345687', '攀岩甲級、熟悉地質的探勘、攀岩極冰攀略有涉獵、精通登山野外求生技巧。', 59, 56, 53, 57, 58, 1),
(11, '11.jpg', 'Jared', 'B123456789', '0912345668', '熟悉地質的探勘、地層的結構、擅長高山百岳健行、中級山探勘。', 43, 52, 57, 58, 55, 1),
(12, '12.jpg\r\n', 'Hall', 'B123456790', '0912345669', '熟悉地質的探勘、中級山探勘、高海拔遠征、攀岩極冰攀略有涉獵、精通登山野外求生技巧。', 58, 48, 57, 46, 55, 1),
(13, '13.jpg\r\n', 'Isaiah', 'B123456791', '0912345660', '熟悉地質的探勘、地層的結構、擅長高山百岳健行、中級山探勘、攀岩極冰攀略有涉獵、精通登山野外求生技巧。', 57, 55, 59, 59, 60, 1),
(14, '14.jpg\r\n', 'Sean', 'B123456792', '0912345661', '攀岩甲級、熟悉地質的探勘、地層的結構、擅長高山百岳健行、中級山探勘。', 55, 54, 53, 52, 51, 1),
(15, '15.jpg\r\n', 'Blake', 'B123456793', '0912345662', '攀岩甲級、熟悉地質的探勘、擅長高山百岳健行、中級山探勘、高海拔遠征、攀岩極冰攀略有涉獵、精通登山野外求生技巧。', 49, 47, 60, 60, 59, 1),
(16, '16.jpg\r\n', 'Luke', 'B123456794', '0912345663', '地層的結構、擅長高山百岳健行、中級山探勘、高海拔遠征、攀岩極冰攀略有涉獵、精通登山野外求生技巧。', 56, 57, 60, 40, 57, 1),
(17, '17.jpg', 'Austin', 'B123456795', '0912345664', '攀岩甲級、熟悉地質的探勘、地層的結構、擅長高山百岳健行、高海拔遠征、攀岩極冰攀略有涉獵、精通登山野外求生技巧。', 56, 58, 60, 58, 53, 1),
(18, '18.jpg', 'Nathaniel', 'B123456796', '0912345665', '攀岩甲級、擅長高山百岳健行、中級山探勘、高海拔遠征、攀岩極冰攀略有涉獵、精通登山野外求生技巧。', 53, 50, 58, 57, 40, 1),
(19, '19.jpg\r\n', 'Tony', 'B123456797', '0912345666', '攀岩甲級、熟悉地質的探勘、地層的結構、擅長高山百岳健行、中級山探勘、高海拔遠征、攀岩極冰攀略有涉獵。', 57, 60, 56, 53, 58, 1),
(20, '20.jpg\r\n', 'Bryan', 'B123456798', '0912345667', '地層的結構、擅長高山百岳健行、高海拔遠征、攀岩極冰攀略有涉獵、精通登山野外求生技巧。', 55, 46, 53, 58, 59, 1),
(21, '21.jpg\r\n', 'Carlos', 'C123456794', '0912343213', '攀岩甲級、熟悉地質的探勘、高海拔遠征、攀岩極冰攀略有涉獵、精通登山野外求生技巧。', 56, 57, 60, 40, 57, 1),
(22, '22.jpg', 'Steven', 'C123456795', '0912345555', '攀岩甲級、熟悉地質的探勘、地層的結構、擅長高山百岳健行、中級山探勘、高海拔遠征、精通登山野外求生技巧。', 56, 60, 60, 56, 55, 1),
(23, '23.jpg', 'Isabella', 'C123456796', '0912345455', '攀岩甲級、攀岩極冰攀略有涉獵、精通登山野外求生技巧。', 53, 55, 58, 57, 40, 1),
(24, '24.jpg\r\n', 'Natalie', 'C123456797', '0912345456', '擅長高山百岳健行、中級山探勘、高海拔遠征、攀岩極冰攀略有涉獵、精通登山野外求生技巧。', 57, 60, 56, 53, 58, 1),
(25, '25.jpg\r\n', 'Megan', 'C123456798', '0912345647', '攀岩甲級、熟悉地質的探勘、地層的結構、擅長高山百岳健行、中級山探勘、高海拔遠征、攀岩極冰攀略有涉獵、精通登山野外求生技巧。', 52, 56, 51, 56, 58, 1);

-- --------------------------------------------------------

--
-- Table structure for table `journal`
--

CREATE TABLE `journal` (
  `jnNo` int(11) NOT NULL,
  `memNo` int(11) NOT NULL COMMENT 'FK',
  `pdkNo` int(11) NOT NULL COMMENT 'FK',
  `jnTitle` varchar(255) NOT NULL,
  `jnCont` text NOT NULL,
  `jnDate` date NOT NULL,
  `jnStart` date NOT NULL,
  `jnEnd` date NOT NULL,
  `jnImg` varchar(255) NOT NULL,
  `jnStatus` char(1) NOT NULL COMMENT '0:未發布 1:已發布 2:已刪除',
  `jnCollect` int(11) NOT NULL
) ENGINE=InnoDB DEFAULT CHARSET=utf8;

--
-- Dumping data for table `journal`
--

INSERT INTO `journal` (`jnNo`, `memNo`, `pdkNo`, `jnTitle`, `jnCont`, `jnDate`, `jnStart`, `jnEnd`, `jnImg`, `jnStatus`, `jnCollect`) VALUES
(1, 1, 1, '玉山主峰二日遊', '路況良好，很多峭壁須小心行走，注意背包重心。另塔塔加停車場附近有台灣獼猴出現!', '2019-02-01', '2019-01-15', '2019-01-17', '1.jpg', '1', 6),
(2, 1, 1, '玉山主峰花朵', '凌晨 5:14--  話說  假日人滿為患的山屋    經常是傍晚 4~5點   疲憊不堪的人群  陸續湧入--                凌晨 4~5點   睡眼惺忪的人群  陸續湧出    所以能盡可能的  早出晚歸  要不然就是  晚出早歸   才是避開人潮的上上之策~   ', '2019-02-02', '2019-01-20', '2019-01-21', '1.jpg', '1', 5),
(3, 2, 1, '玉山林道 石山＋引水道', '石山的故事 ?很難想像中橫公路曾經有火車吧而且是台灣海拔最高的火車站, 日治時期阿里山森林鐵路主線完成後,為了擴大伐木的範圍,陸續興建多條支線, 形成綿密的森林鐵路網,石山火車站正是從自忠(新高口)到東埔哆哆咖線上的加水站, 隨著伐木作業中止,部分鐵道路基改建為新中橫公路, 木造的石山火車站站房功成身退, 走入歷史 ', '2019-02-02', '2019-01-15', '2019-01-20', '1.jpg', '1', 5),
(4, 3, 1, '花了十日爬上玉山', '因為我不是爬百岳的山友，外行人初逢玉山獲益匪淺！我所學到與玉山相處哲學的第一課是「謙卑的心」，玉山是多面貌、多層次、多氣候的，我們必須用更謙卑、虔誠、順服的心來接受玉山的試鍊，這正是人生應變之道。玉山第一段路從2600公尺高的嘉義縣東埔山莊走到3420公尺高排雲山莊，從塔塔加玉山登山口要走8.5公里才能到排雲山莊，凌晨二時再從排雲山莊走2.4公里攀上玉山主峰，最後再從主峰走10.9公里回到塔塔加，這二十餘公里跨越不同天候的路程，就是考驗面對變局時「拒絕改變者」，而應變不急者也會吃上眼前虧。\r\n\r\n走在低海拔的東埔山區玉山彷彿青春少女，嫩綠有韻，到了玉山口整隊出發時往上看玉山則如窈窕淑女之美，愈往上爬愈熱愈覺得這玉山簡直是歐巴桑根本在整人，接著，穿穿脫脫穿穿脫脫，既不能流汗又必須保暖，最後整個背包的衣物都穿到身上，抵達排雲山莊時，竟然下起了冰雹！這是玉山以不同高度的劇變天候考驗登山人，如果人類以輕蔑的心去面對大山，有一絲絲不慎重不服從不敬畏，那麼高山症隨時可能入侵，玉山教我要攻頂就必須謙卑！叫你脫就脫叫你穿就穿，別想要跟大山爭辯^^', '2019-02-03', '2019-01-16', '2019-01-26', '1.jpg', '1', 4),
(5, 5, 1, '玉山教會我的幾件事', '第一件事能捨則捨」！凡塵俗事總拖泥帶水，有人登山帶了名牌眼鏡光外殼就重數百克，有人帶名牌羽絨衣卻一穿就流汗易感冒。爬大山是體能考驗，東西愈多愈重就愈難走下去，愈走就愈想丟掉包袱負擔，人生不也如此嗎？玉山之特別在於可以在一天內體會熱帶、溫帶、寒帶等不同樣貌，也因為氣候變化太快速 ，隨身衣物必須隨時背在身上才能應付傾盆而下的大雨及太陽烈焰，有人帶來好吃的水果和手工食糧，但，最後也不得不朋分享用提早分食而完，隨身最後只剩下精簡到不能再丟的衣物，僅供溫飽的食物。第二件事團隊精神！部份頂尖山友這些年來爬玉山卻仍傳山難受傷，可是，另一方面，玉山卻也是登山「菜鳥」的入門山，菜鳥卻能隨前面山友一步一腳印順利攻頂，為什麼菜鳥竟然行呢？這就是玉山的特別處！因為攻頂除需基本體力技巧外，前後互相扶持提醒的「團隊精神」會讓玉山簡單得多！爬山過程每個人體力都到達臨界點，是否有人願意再幫同伴多扛一件衣服？多揹一個飯糰？團隊精神正是玉山最珍貴的精神！', '2019-02-01', '2019-01-17', '2019-01-27', '1.jpg', '1', 2),
(6, 4, 1, '草坪頭玉山觀光茶園', '草坪頭玉山觀光茶園位於南投縣信義鄉，由水里走新中橫經過信義、豐丘、和社，之後就會抵達草坪頭台地。22年前政府輔導農民至此開闢廣達48公頃的茶園，因為海拔一千多公尺的合適環境，加上地理地勢佳，出產的茶業品質優良，現在已然成為中部重要產茶區。除了茶業的特色，當初隨著開墾此境而種下的梅樹、櫻樹、李樹、桃樹，現在都已成長茁壯，在初春相繼綻放一樹嬌艷，成為中部新興的賞花勝地。一月下旬，布魯前來草坪頭探春，大部分的梅花已經落盡，但還有少部分的臘梅忘情的堅持開著，而李花、櫻花、桃花則剛好進入盛開期，於是四種花競相在初春的微風中伸展搖曳，賞花人的心，怎能不隨著飛揚起來？', '2019-02-02', '2019-01-10', '2019-02-20', '1.jpg', '1', 4),
(7, 6, 1, '玉山上的一道彩虹', '今日一整天濛濛霧雨、能見度僅有50公尺，讓人心情白灰。心裡期待在傍晚日落前會霧散雲開，光芒從剛睜開眼的雲縫鑽出來。我幻想著...期待著...準備好我的無敵兩相機等待著，結果真的幻想成真！就在傍晚日落前，這個光...哇阿...！讓我傻住了！！夕陽真的無限好！...拍了幾張後，回頭望見從玉山東峰到中央山脈的馬博拉斯山被這道彩虹給包住了，好美好美玉山上的一道彩虹啊。我期盼這樣的奇景許久，沒想到就這麼出現在眼前，就在高度3858的玉山。不是相機好，也不是技術好，而是遇到了可遇不可求的機會。按下快門時，心裡想的是美麗的彩虹就像短暫人生，要好', '2019-02-03', '2019-01-01', '2019-01-11', '1.jpg', '1', 3),
(8, 8, 1, '玉山主峰日出、西峰雲海二日行', '緣起在爬過幾座大山後，總會思考下一次要爬哪座，三、四天這種短天期的行程中，較為知名、大眾的山頭好像都爬過，相對冷門的研究後似乎有點無趣，而長天期的縱走路線又感覺自己能力不足、還沒準備好，想了想，赫然發現玉山真是最適合的選擇～！玉山身為百岳之首、台灣屋脊，連一般沒在爬山的台灣人、外國遊客都會來朝聖了，何況是山友，遲早都要去的，因此晚去不如早去，當時就這麼決定衝玉山了～！抽籤早在爬山之初就聽聞過\"玉山不難、難的是抽排雲\"，但沒抽過還真的不知道確實爆難抽！先前去奇萊南華抽天池山莊，也是不好抽，但大師兄第二次就抽中了（600抽88）～這次玉山的申請與行程安排都由我負責，我原也是抱著這種僥倖心態來抽排雲，但玉山知名度太高，還有外國人保障名額，完全不是同一個等級啊～一次、兩次槓龜後，申請就變成只是每個禮拜的例行公事，已經丟到麻木、考慮要安排其他行程時，某次一開竟是中籤通知，嚇了一跳，還想說是否看錯，竟然中了～！！！算一算抽了八次啊～～～週五晚上，1509人抽92人，能中也是不簡單，當時好high啊～～～我們原是安排三天兩夜要走玉山前五峰（前、西、北、主、東峰），但直到中籤時我才曉得山屋是一天一天抽，也就是第二晚的山屋還要再抽一次，靠，要連中兩晚幾乎是不可能的事啊～！！！！！更何況隔天是周六晚上，更難抽....囧rz......3563人抽92人，果然沒中..........行程也因此調整為只走前、西、主、東這四峰，同樣是三天兩夜，但第二天就下山睡東埔山莊，第三天一早回台北，不過行程視時間狀況機動調整，也就是不一定要走滿這四峰～', '2019-02-01', '2019-01-11', '2019-01-13', '1.jpg', '1', 4),
(9, 9, 2, '世界第一高峰', '聖母峰，又稱珠穆朗瑪峰，位於尼泊爾的喜馬拉雅山，是世界第一高峰（台灣的兩個玉山高），許多的登山好手，最終的夢想都是希望能夠攻頂它。登上聖母峰有一定的風險，要登頂，可能都要抱著有去無回的心理準備！「山就在那～」但截至2012年成功登頂人數只有3,842人，尤其可見它的困難度，成功登頂是一回事，平安的歸來又是另一回事。', '2019-02-02', '2019-01-12', '2019-01-14', '1.jpg', '1', 4),
(10, 10, 2, '我想去EBC健行　該先做那些準備？', '先至台灣高山適應高度\r\n走一趟EBC，不需要超高的登山技巧，這源於EBC發展的時間較早，不但路程算好走，且無任何危險地形，途經的聚落讓吃與住都不必擔憂，生長在海平面高度的我們，高度及保暖才是最基礎的問題。\r\n由於基地營位在海拔5,300公尺的高度，入夜後天候寒冷，基礎保暖要做足，以防感冒帶來的不適，另外，出發前1個月，最好先去一趟3,000公尺以上的高山適應高度，以交通便利性而言，合歡山是最適合的地方。準備預防性藥物\r\n雖然生病要看醫生，但在高山上哪來的醫生，因此必需的藥物得事先準備，出發前一週可至家醫科開立預防高山症的藥物，丹木斯是普遍大眾所服用的藥物，服用丹木斯通常會有手麻、腳麻，或者臉也會有點麻麻的副作用，一般來說，步行至高點後，高度開始下降的回程便可停用。\r\n感冒藥是此趟旅行社事先提點而準備的成藥，在高山若是受寒感冒，或是團員中有人感冒傳染，必定會造成身體不適、體力下降，或引發高山不適應的症狀，事先準備是有必要的。\r\n台灣已有愈來愈多的旅行社開啟尼泊爾的健行行程，選擇信譽良好的旅行社，會輕鬆許多，而和朋友揪團自助，也是年輕人喜歡的體驗方式。\r\n台灣已有愈來愈多的旅行社開啟尼泊爾的健行行程，選擇信譽良好的旅行社，會輕鬆許多，而和朋友揪團自助，也是年輕人喜歡的體驗方式。\r\n該找旅行社或是自己組團？\r\n這點端看個人經驗及需求，各有利弊，跟團的好處是有台灣領隊隨行，瑣碎小事全不用擔心，相對費用也較高，途中想在某個地點多停留些時間，也比較不容易。\r\n不少人會選擇自己組團前往，事先在網路上或經由朋友推薦有信譽的旅行社或嚮導是十分重要的事，野樵國際旅行社的理事長楊志明說：「不論自組或跟團都很好，但要注意自身安全為第一。」他提到當初開闢尼泊爾健行路線時，也遇到嚮導或揹工半路加價等事項，價格中是否包含吃、住、水費、入山的費用等等，建議白紙黑字寫清楚較為安全，一般來說，4個人請一個嚮導、2個揹工較為合理。', '2019-02-03', '2019-01-13', '2019-01-15', '1.jpg', '1', 3),
(11, 11, 2, '小時候的回憶-聖母峰', '\r\n我還記得我不過是爬上那小小的山丘到大本營的檢查哨，就已經喘的不行，只能在那遙望珠峰。檢查哨下，是我照片中的犛牛及小河，還有一堆觀光客住的帳棚和藏人開的茶館，以及一個骯髒的廁所及一堆堆的垃圾。\r\n\r\n檢查哨旁的小小山丘上，我們看見了很多小小石碑上刻上的人名，寫著這個人的生辰和留在珠峰的時間。他們說，在爬珠峰的路上，總是可以看見一具具結冰永不融化的屍體，這些人想要去征服珠峰，卻永遠留在那邊了! 我們遇見了一群日本人，他們正在舉辦簡單的祭祀儀式，紀念一位在2年前留在珠峰永不回來的一位60幾歳日本阿嬤。其中一個會講英文，到過台灣爬過玉山雪山的年輕嚮導說，這次他計畫帶另外四個日本人爬珠峰，其中一個還是60幾歳的老爺椰呢! 這個年輕的日本嚮導已經成功的登上珠峰四次了! 真是可媲美雪巴人的登山專家了! (我還很高興的跟他合照一張!)\r\n\r\n\r\n我還記得我不過是爬上那小小的山丘到大本營的檢查哨，就已經喘的不行，只能在那遙望珠峰。檢查哨下，是我照片中的犛牛及小河，還有一堆觀光客住的帳棚和藏人開的茶館，以及一個骯髒的廁所及一堆堆的垃圾。\r\n\r\n檢查哨旁的小小山丘上，我們看見了很多小小石碑上刻上的人名，寫著這個人的生辰和留在珠峰的時間。他們說，在爬珠峰的路上，總是可以看見一具具結冰永不融化的屍體，這些人想要去征服珠峰，卻永遠留在那邊了! 我們遇見了一群日本人，他們正在舉辦簡單的祭祀儀式，紀念一位在2年前留在珠峰永不回來的一位60幾歳日本阿嬤。其中一個會講英文，到過台灣爬過玉山雪山的年輕嚮導說，這次他計畫帶另外四個日本人爬珠峰，其中一個還是60幾歳的老爺椰呢! 這個年輕的日本嚮導已經成功的登上珠峰四次了! 真是可媲美雪巴人的登山專家了! (我還很高興的跟他合照一張!)\r\n\r\n過了檢查哨，在珠峰下的就是真正的基地營(大本營)了! 聽說，如果觀光客要進來這裡的帳棚過夜，一個人可是要收200元美金的! 在這邊帳棚的登山客到底要付多少錢才能攀爬珠峰呢? 以西藏各地名勝古蹟對外國人的收費，我響應該是非常的不便宜的!過了檢查哨，在珠峰下的就是真正的基地營(大本營)了! 聽說，如果觀光客要進來這裡的帳棚過夜，一個人可是要收200元美金的! 在這邊帳棚的登山客到底要付多少錢才能攀爬珠峰呢? 以西藏各地名勝古蹟對外國人的收費，我響應該是非常的不便宜的!', '2019-02-04', '2019-01-14', '2019-01-16', '1.jpg', '1', 3),
(12, 12, 2, '珠穆朗瑪峰的挑戰', '攀爬珠峰要花的真正時間可能只是3-4天上山，再3-4天下山，但每個世界各地來到此的登山專家總要花個2-3月的時間能完成這個壯舉。因為，首先他們要花個1個月以上讓自己的身體去適應這超過5000公尺海拔的氣壓，然後前進到第二營6000公尺及第三營7000公尺的營地間交互練習，等到身體適應了，才能攻上8000公尺的攻擊營，等待天氣一放晴就往上攻。\r\n\r\n在8000公尺的高度，有時候連雪巴人都得需要使用氧氣罐。台灣至今僅有高銘和登上了珠峰，但他因為撤退的時候遇見暴風雪遭到嚴重的凍傷，腳指、手指及鼻子全部切除。這幾年來，台灣陸續有人想挑戰珠峰，包括去年台灣第一位女性登山專家李美涼，都因為無法適應7000公尺高度的低氧高壓氣候，有劇烈的高山症而撤退。\r\n\r\n因此看見這個兩腳都是義肢的紐西蘭人居然爬上了聖母峰，我相信他一定是經過了許許多多體能上的訓練才能爬上這地球上人類最高可以到達的一個三角點，那跟美國人Lance Amstrong蘭斯阿姆斯壯在對抗癌症後，居然能連續五屆贏得自行車環法賽，是一樣的令人可敬的!\r\n\r\n如果下次你有機會來到這裡，或許你沒有那驚人的體力、沒有那2個月的時間、也沒那麼多錢繳交攀爬珠峰的通行證，不過你還是可是試著背起你的小小行囊，走6公里的路(一路看著美麗的珠峰山頭就在你面前)，從5100公尺的絨布寺走到珠峰大本營。接著，你可以從觀光客的帳棚步行到登山客的帳棚區跟這些懷抱夢想的人們聊聊天，談談山。然後期待那天的傍晚，珠峰山頭可以照映著綺麗的紅色晚霞，體驗睡在零下5度的帳棚裡體驗在珠峰山腳下的感覺。半夜裡，還可在滿天星斗的天空及冰冷的氣溫下，灑個尿。隔日起床後，再走6公里路回到絨布寺搭車離去。\r\n\r\n以上是我的夢幻路線，因為這次我偷懶的搭馬車從絨布寺前往大本營，又只睡在絨布寺旁的招待所，沒看見珠峰著名的晚霞，因此在我心中總有那一點點小小的遺憾。\r\n\r\nI will be back. 總有一天我會回去的!', '2019-02-05', '2019-01-15', '2019-01-17', '1.jpg', '1', 2),
(13, 13, 3, '初心者的富士山攻頂小記錄(吉田路線)', '其實沒有一定要帶什麼，最重要是讓自己安心跟舒適但又可以背得動的狀態。然後要考量到山上的物價是平地的3~4倍(ex.一瓶水400日圓、一根香蕉200日圓)，山上各小屋東西算充足，不想帶太多就是有花錢的心理準備就好。\r\n登山開始！\r\n集合後，導遊帶大家做點暖身操，並隨意取了隊伍名稱(我們叫做蜜柑隊XD)，稍微提醒注意事項後就要登山了！\r\n進入登山道前要先付個1000日圓當作入山維護費0.0\r\n\r\n付了入山費會拿到這個牌子，可以綁在背包上\r\n\r\n從五合目到七合目前都可以騎馬，但非常貴，都是萬元起跳\r\n\r\n導遊說這些樹是被雪壓成這個樣子\r\n\r\n七合目開始的山路不太好爬\r\n七合目開始的山路比較陡峭而且都是岩石，偶爾會需要用到手支撐攀爬\r\n沿途會有很多山小屋，可以住宿、買食物、烙印(每間小屋的烙印圖片不同，收費也些許差異，一個烙印大多200~500日圓)\r\n我們大多過兩個小屋時休息一次(偶爾半路靠邊席地休息一下)，停在休息的小屋時我才有機會去烙印\r\n\r\n爬越高，往旁邊看景色越來越壯麗\r\n\r\n不停地爬，繼續爬\r\n\r\n一路上都不是平坦的路\r\n\r\n八合目開始的山路\r\n八合目開始山路變比較平緩，但更迂迴要走的路更長，走到下一個山小屋花的時間就再多一點\r\n\r\n今天住宿的八合目御來光館\r\n爬了非常久終於到海拔3450公尺的「御來光館」，這是八合目裡最高的山小屋，導遊說第一天辛苦一點，隔天登頂的路會短一點，到這裡時我開始有點輕微頭痛，應該高山症狀出現了\r\n\r\n晚餐很簡單，肚子餓了什麼都不挑，但卻莫名的吃不完\r\n小屋還會準備早餐便當，我們把早餐裝進包包隔天登頂後才要吃\r\n\r\n其實爬富士山真的不算很難，只要身體狀況正常的人花點時間都可以登頂，最重要的反而是要爬的決心跟毅力。\r\n因為爬的時候超累，再加上看不到盡頭跟終點，內心也會跟著累，大家一開始還有說有笑邊聊邊爬，後來就鴉雀無聲，默默的一步一步向上。但也因為撐過去了，所以一路上才能看到各種壯麗的風景。想要挑戰看看嗎？準備好就出發吧！', '2019-02-06', '2019-01-16', '2019-01-18', '1.jpg', '1', 2),
(14, 15, 3, '幸運新手的富士山攻頂心得與相關資訊', '【登山前】\r\n\r\n由於三人都沒有登過海拔3000以上的高山，所以在登山前也認真做了各項準備功課及安全考量的心理建設，以下提供給大家參考。\r\n\r\n1.心理建設：由於暑假天氣多變，在山下就約定好，如果還沒上山就下雨，絕對不冒險上山。過程中只要有人落後一定不可以有人單獨前行。只要累了絕對不硬撐要休息。\r\n\r\n2.裝備租借：這次租用的是LaMont的裝備，雖然不一定都是自己的希望色，但是品質很好，大約都有8成新，有的甚至接近全新，內容物包含登山杖、頭燈及電池、登山背包及防水袋、上下身風衣、綁腿、登山鞋。\r\n\r\n值得一提的是，LaMont的五合目租借處備有男女更衣室及置物櫃，所以租借過程很便利。\r\n\r\n3.垃圾處理：由於我們是搭新宿發的第一班車抵達五合目，所以是吃完早餐跟午餐才上山，難免還是會製造一些垃圾，但是從五合目下車那一刻開始，就沒有垃圾桶了，我們是把垃圾綁好跟不帶上山的行李一起放進置物櫃，等到隔天下山後一起帶回去處理。\r\n\r\n4.高山症預防：我們這次有上山分別有服用丹木斯或紅景天，但都是在出發前有去醫院家醫科、旅遊門診或是跟藥劑師詢問正確用藥方式，建議不知道有沒有高山症病史的人一定要去醫院詢問正確用藥及預防。\r\n\r\nCIMG0046 \r\n\r\n\r\n\r\n【登山中】\r\n\r\n1.勤勞的蜜蜂：富士山的蜜蜂非常勤勞且無所不在，從五合目到劍鋒，只要你停下腳步他們就會開始吵你，雖然很煩但是輕輕一揮就可以把他們趕走，我們在過程中沒有被叮咬，希望大家都能跟小蜜蜂好好相處。\r\n\r\n2.手套選擇：有看到之前的分享說可以攜帶麻布手套，但我們這次帶的是玩雪時用的防水防風手套(內刷毛)，雖然白天在攀爬時有點熱，但是晚上卻發揮了很好的保暖功能，也不怕突然下雨會有弄濕的危險，是另外一種可以參考的選擇。\r\n\r\n3.上山垃圾：因為怕重量造成負擔，出發前就決定能在山上買的東西都不一定要硬背，我們約背了800-1000ml的水上山，其他都是在山屋買的，但這會有一個問題是，會不斷出現寶特瓶垃圾。後來有親自詢問我們住的御來光館，他們表示只要在山屋購買的飲用品都可以幫忙處理垃圾，所以建議可以把水倒入水壺後，將瓶子還給山屋減輕負擔。\r\n\r\n4.山屋環境：御來光館提供一個睡袋加一條毛毯，基本上非常保暖不用擔心睡覺會冷，全館9點熄燈，可是這次在熄燈後有一組日本年輕人拼命喧嘩嬉鬧，就算他們同行友人出聲阻止還是不見情況改善，後來我們也有出聲阻止但發現他們好像更故意大聲嬉鬧...但這就是山屋開放空間會遇到的事，所以難入眠的真心建議要戴耳塞眼罩睡眠組。\r\n\r\n5.凌晨登頂：登頂時的強風讓人鼻水直流，請把衛生紙隨時準備在口袋中。儘管我們已經預留超過一小時的登頂時間，最後還是困在排隊的隊伍中，只能在九合目後暫停腳步等待日出，還好剛好有一個絕佳的位置，也跟其他路上碰見的台灣人一起幸福的迎接了御來光！\r\n\r\nCIMG0161 \r\n\r\n【攻頂與下山】\r\n\r\n1.排不完的隊：5:30登頂之後幾乎沒有休息，烙印完後就出發前往郵局及劍峰，但因為人實在太多，每一個點都需要排隊，真正開始下山已經接近9:00。\r\n\r\n2.下山崩潰：上山前有注意到下山路段皆乎都沒有山屋，直到七合目才有廁所，但沒想到過程會這麼崩潰。雖然身上還有水，但是天氣太好加上有點太晚下山，大概走了一半身上的水就全部喝光了...要提醒大家，整路真的都沒有任何可以買水的地方，務必要在頂上一次買齊。\r\n\r\n3.下山速度：由於下山路真的不好走，瘋狂的下坡就算有做好防護還是讓腳趾在1/3的時候就開始痛了起來，如果看到身旁有人可以下的很快就更會消磨意志，在又熱又餓又渴的時候，疼痛感也會被放大，雖然看到有人說下山只要3.5小時，但我們還是依照自己的速度慢慢下了5個小時，也慶幸腳趾沒有受太大的傷。\r\n\r\n順道一提，崩潰下山路在接近六合目的地方居然也有一匹馬在那裡等著意志力低下的我，但開價是50000日幣...其實當下如果我有錢我可能真的會騎，可惜我沒有，但還是謝謝那匹馬給我短暫一分鐘的希望。\r\n\r\n20155997_10154758919501444_6303644959142764219_n 下午5.55.44 \r\n\r\n【後記】\r\n\r\n這次很幸運沒有碰到下雨也沒有人出現高山症的情況，更開心的是看到超美的御來光！\r\n\r\n也感謝一路上碰到的台灣人，對於我們三個陌生人的胡亂搭話都熱情回應，畢竟登山時的互相打氣真的很重要。\r\n\r\n最後，希望大家還是要做好功課再上山，這次在下山路碰到兩組台灣人都誤走了下山道上山，雖然馬上建議他們回頭重走，但同樣還需要耗費時間跟體力，雖然登山道岔路不多，但還是要好好看好路標再上山～\r\n\r\n希望之後有計劃登山的大家都可以跟我們一樣幸運且順利唷！', '2019-02-07', '2019-01-17', '2019-01-19', '1.jpg', '1', 0),
(15, 17, 3, '富士山攻頂之路', '15:00左右從「吉田口」五合目出發，一開始的路程都相當輕鬆，第一個目標是抵達晚上休息的山中小屋（位於七合目），這段路程是較為平緩的，不過登山路途很容易遇到下雨，要換上雨衣雨褲，配備中推薦的還有小腿專用的防水套子，可以防止水、泥沙進入鞋子，是很好用的小配備，防水衣物之外，還有很重要是「把登山背包套上防水套」，租用的登山背包都會有付防水套。\r\n\r\n抵達山中小屋之後，可以把濕濕的衣服和襪子替換掉，之後就是晚餐時間大約18:00，吃飽後可以稍微整理一下行囊，趕緊小睡，休息時間非常寶貴的，領隊告知21:30要啟程，因為登記為世界遺產之後，登山人潮眾多，太晚出發可能會塞車趕不上欣賞日出。\r\n\r\n接下來這段路程就非常辛苦，氣溫低、僅小睡數小時（所以前一天睡飽很重要！），一路上去幾乎都是岩石路，拐杖與頭燈很好用，頭燈可以看清楚拐杖下一步的落點，也有一小段路需要用到雙手、拉個繩子爬上去。\r\n\r\n八合目之後，往九合目的路上，是最艱辛的，高度越來越高，也是最容易產生高山症的一段路，累了適度的休息也很重要，再來過了九合目到山頂也相當辛苦，時間上正好是凌晨2點左右，要與睡魔跟自己的生理時鐘對抗，建議能結伴同行，與朋友聊聊天、互相打氣，會更有精神。', '2019-02-08', '2019-01-18', '2019-01-20', '1.jpg', '1', 0),
(16, 19, 3, '富士宮路線 攀登富士山2天1夜看御來光行程', '我們搭乘JR電車在富士宮口站下車，從站前轉搭開往富士宮口五合目的登山巴士，從五合目開始攀登。五合目的標高為2,400m，登山客通常會先在新五合目的餐廳吃午餐、養精蓄銳後做暖身運動，準備攻頂。初次攀登富士山的遊客，通常需要兩天的時間，登山時切勿搶快，要配合深呼吸踏出腳步找出節奏感，讓體內細胞充滿氧氣，能減少高山症發生的機率，像是我們爬到八合目時就發現之前超越我們的年輕人全都掛在路邊吸氧氣瓶（山小屋有賣），一臉鐵青真是慘～若真的體力與身體狀況不支，甚至產生高山症反應，建議原路下山便能緩和症狀，千萬別和山過不去～否則吃虧的會是自己又拖累隊友\r\n\r\n第一天的目標建議先攀登到標高3,460m的九合目，在九合目的「山小屋」（提供食宿的簡單設施）用餐、睡覺休息，但老實說，不能洗澡又要擠大通鋪，真的很難睡得著。然後，翌日凌晨二點時起床暖身，趁著天色未亮前攻頂，在四點前征服山巔，欣賞美麗的富士山日出美景「御來光」。', '2019-02-09', '2019-01-19', '2019-01-21', '1.jpg', '1', 1),
(17, 8, 3, '一生一定要挑戰一次！富士山攻頂的感動紀錄', '\r\n登山初學者的登山之旅幾乎都選在8〜9月舉辦，\r\n這次我參加了哈多巴士的富士登山之旅。\r\n\r\n清晨出發→中午巴士抵達五合目→以登山方式傍晚左右抵達八合目→深夜開始出發日出前抵達山頂→欣賞日出→中午前完成下山。\r\n\r\n像以上這樣慢慢地爬山，屬於超級初學者的行程。\r\n\r\n參加者從小學生的6〜70歲都有，和朋友一起參加當然OK，一個人參加也沒問題。\r\n\r\n如果認真地開始登山，在用具上可能需要一筆不小的費用，但租借的話大約日幣1萬圓就能搞定。\r\n回程的時候可以在五合目將所有租借的用具歸還，一身輕便地踏上回家的路途喔。\r\n\r\n5〜8合目時，穿著類似慢跑時的服裝就沒問題了，但夜晚之後氣溫會越來越低，山頂如果有５度就要偷笑了，因此以多層次的方式穿搭登山用的保暖衣物。\r\n\r\n有很多人會帶著氧氣瓶登山，但老實說幾乎用不到。\r\n因為這只有在放棄攻頂或是下山的時候才用得到。\r\n與其帶好幾瓶氧氣瓶，不如改成多帶幾瓶水或運動飲料吧。\r\n同時帶上多種的零食，就更好喔〜\r\n\r\n因為卡路里的消耗相當驚人，如果不適時地補充熱量，可是會容易沒有力氣。\r\n帶點含有鹽分的糖或餅乾，或是甜食也能補給能量喔！\r\n不只是為了攻頂的登山～\r\n\r\n所有看到的景色真的都美得讓人忘神。\r\n\r\n越來越接近雲朵的７合目，幾乎是在雲的上面⋯⋯就好像天空之城一般。\r\n\r\n夜晚戴在頭上的照明燈能照亮山路。\r\n在充滿光亮的路上，抬頭一望看見天空整片無數的星星不斷閃耀，同時也很常看到流星喲！\r\n\r\n從接近天空的地方，看到月亮和天空的對比，美麗得叫人忘記辛苦爬上來的辛苦。\r\n當然，天氣不好的話，寒冷和雨天會不斷奪走體力，這一點就只能祈求神明保佑了。\r\n\r\n攻頂的瞬間，因為太過喜悅有許多人還會和朋友互相擁抱。\r\n到達山頂前，最後的路段是一段陰暗的岩石地帶，走起來難度倍增，因此攻頂的時候那份感動會更加倍。\r\n\r\n到達山頂後在日出之前，有的人吃拉麵、喝味噌湯，有的人購買護身符當紀念，大家都度過愜意的時光。雖然沒有十分充裕的時間，但在這裡吃到熱騰騰的飯，格外地美味。\r\n\r\n此外和攻頂的喜悅一樣，寒冷程度也同樣地驚人（笑）。\r\n隨身帶著暖暖包會是個好主意。\r\n\r\n日出的美麗程度，也是要看運氣。\r\n當遇見美得沒話說的日出時，導覽人員和登山者們大家還會一起大喊萬歲！\r\n真的會令人深深感動竟然能迎接如此美好的早晨，眼淚都會掉出來哦！\r\n\r\n之後，雖然還有累人的下山路程，但應該有很多人都會因為看到這美好的日出而再度力氣滿滿～\r\n\r\n經常能聽到爬過富士山之後，人生會朝美好方向前進這樣的話⋯⋯\r\n我想這一定是因為花了好長的時間，努力爬一座山，沿途體驗美麗景色和登山辛苦而讓人有所成長吧！\r\n富士山成為世界遺產之後，登山者又更多了。\r\n身為日本人的我認為，有機會的話應該一定要體驗一次富士山攻頂～', '2019-02-10', '2019-01-20', '2019-01-22', '1.jpg', '1', 1),
(18, 21, 3, '「一生必爬」挑戰富士山攻略：注意事項、交通、登山路線、必備裝備', '富士山（3776米）是日本最高也是最突出的山， 雖然挑戰攻略它是個難關但卻能成為終生的回憶。攀登富士山不僅僅是很多日本人都想達成的目標，就算是外國遊客也把它視為一個來日本想完成的挑戰之一。\r\n\r\n\r\n富士山每年的開放日是7月1日，從這天到八月底的兩個月期間算是攀登富士山的最大機會，因為在這短短兩個月中，除了有特別的登山者的巴士會營運，富士山上的小屋也對來自各個國家的挑戰者開放住宿。因為九月下旬和九月初時氣溫很低，所以富士山上可能只有幾間小屋開放，所以在這兩個月份以外的時間想要攀爬富士山，只建議讓專業的登山專家來挑戰，並且需要相應的設備和服裝。\r\n\r\n由於攻略富士山是很多人的夢想，所以如果你到七月才開始預訂山屋那真的機會太渺茫了，建議要隨時關注小屋網站或臉書動態，並且在開放的第一時間馬上預定小屋比較好，特別是在和朋友一群人要一起前往的情況下，一定要馬上預定才能定到心儀的小屋。\r\n\r\n但在攀爬富士山的過程中，有可能會因為種種原因而讓你無法按計劃攀登並抵達預定的小屋，所以在出發前提前製定計劃是非常重要的一件事，除了討論什麼時間點開始爬才能在適合的時間抵達小屋外，也要考量一起去的小夥伴們是否有良好的體能一起達成目標。 \r\n\r\n富士山小屋\r\n在吉田登山路線的第7合目和第8合目之間排列著約十多座山間小屋，其他路線因為熱門度的關係沒有那麼多間建議大家先查好，山間小屋的住宿的費用一般不超過每人5000日元，如果是包含餐點的話每人兩餐（早餐和晚餐）約7000日元。\r\n\r\n在登山的高峰期間，因為小屋會變得非常擁擠，所以甚至有些小屋還允許非住宿登山者以每小時1000-2000日元的價格稍微休息一下，大多數還提供付費廁所（一般為100-200日元），並出售食物、水和其他攀登用品，如罐裝氧氣。除此之外，大部分小屋都有提供金剛杖的烙印服務（只需少量費用），金剛杖是登富士山的一個特別的紀念品，它是用來幫助登山者在攀岩時的木製登山杖，如果怕帶回國覺得麻煩的人可以購買小隻的紀念版金剛杖。', '2019-02-11', '2019-01-21', '2019-01-23', '1.jpg', '1', 0),
(19, 22, 3, '世界遺產富士山攻頂', '從九合目爬到山頂十合目\r\n\r\n真的有說不上的喜悅\r\n\r\n當時從七點左右開始爬\r\n\r\n到山頂已經是凌晨兩點多了\r\n\r\n距離日出還有兩個小時才會出現\r\n\r\n只好在那等候\r\n\r\n不過山頂真的很冷\r\n\r\n趕緊穿上朋友送給我的雨衣褲\r\n\r\n但還是好冷\r\n\r\n\r\n\r\n話說在八合目到十合目的休息途中\r\n\r\n往天空一看滿天都是數不完的星星\r\n\r\n頭一次看到這麼壯觀的星星\r\n\r\n還能看見北斗七星的形狀\r\n\r\n真覺得夜爬真值得XDD\r\n\r\n\r\n\r\n在等日出的途中\r\n\r\n我的下巴在我打哈欠的時候抽筋= =\r\n\r\n我第一次下巴抽筋\r\n\r\n可見那氣溫多冷= =\r\n\r\n除此之外\r\n\r\n嘴唇也發紫\r\n\r\n雙手也凍到沒知覺了\r\n\r\n只能忍耐\r\n\r\n\r\n\r\n終於等到日出出來時\r\n\r\n真的覺得自己沒有白來\r\n\r\n好開心\r\n\r\n覺得自己好厲害\r\n\r\n想做也是可以做到\r\n\r\n所以不要輸給自己\r\n\r\n因為體力真的有點虛\r\n\r\n本想說要到山頂郵局去給親朋好友捎封信\r\n\r\n但我想是沒辦法了\r\n\r\n因為從山頂過去郵局需要在花一個半小時的時間\r\n\r\n回來又得花一個半小時\r\n\r\n總共三小時\r\n\r\n又加上下山\r\n\r\n可能都要到很晚了\r\n\r\n只能說可惜了\r\n\r\n之後看完日出\r\n\r\n就下山了', '2019-02-12', '2019-01-22', '2019-01-24', '1.jpg', '1', 1),
(20, 7, 2, '《聖母峰》登山準備的重要性', '登上最高峰是很多人都會有的夢想，台灣人可能就會希望至少登上台灣最高峰玉山，日本人可能就會想登上富士山；有一定程度登山經驗後，可能就會想挑戰以洲為單位的世界七大峰，或是世界最高峰聖母峰。', '2019-02-10', '2019-01-27', '2019-01-30', '1.jpg', '1', 0),
(21, 14, 2, '不要命的登頂之路－《聖母峰》', '聖母峰上，幾乎每十年就會出現獨特而創新的突破：20和30年代專注於探索；50年代創下登頂紀錄；60年代開始嘗試不同的山稜路線；80年代則出現各種新路線以及無氧登頂。那麼90年代呢？美國登山者艾德‧韋伯斯特說：「聖母峰上屢見創舉的歲月，似乎在90年代早期就結束了。」\r\n\r\n有部分是因為登山人數大增。尼泊爾觀光局販售的東南稜登山許可證，數量逐年增加；這可是名符其實的金礦。中國也如法炮製，發放更多北稜登山許可。申請者多半想攀登七大峰、登上地表14座8000公尺以上的高山，或是夢想攀登聖母峰。包括梅斯納在內的許多人，都認為攀登聖母峰已經不算真正的登山了。英國作家艾德‧道格拉斯（Ed Douglas）甚至稱之為「災厄的喜馬拉雅」。現在，數千人經由最熱門的登山路線擠上聖母峰，多數都由嚮導帶領。每年有數百人登頂，嚐到勝利的滋味；聖母峰是他們的夢想、他們的野心與一生的執著。然而，也有許多人在登頂途中喪命；有人摔死、有人缺氧而死，但大部分的人都是力竭而亡。', '2019-02-09', '2019-01-20', '2019-01-22', '1.jpg', '1', 0),
(22, 16, 2, '聖母峰EBC10日遊記心得EverestBaseCamp', '出發前，習慣先探聽、預估、再回報Sam關於今日的路程，已便讓我們有預期心理。\r\n\r\n終於要往EBC聖母峰基地營前進，預估6小時的路程（比預估時間早1小時回來，含飯店卸裝備、休息、拍照），80%都在海拔高度5000m以上，第一次聽到Sam嘴裏喊「怎麼還有（坡）」哈！\r\n\r\nEBC基地營親眼目睹後，心中感覺很奇妙，有人為了挑戰自己，花上幾百萬，卻不一定能回到平地繼續生活，這到底是為了什麼？？答案只有他們自己才知道。\r\n\r\n而我只想走一遭，看看書裡的世界第一高峰、體驗走在海拔5000m以上的感覺（哈！真他奶奶的累），也在EBC基地營拍下了第二站的自助婚紗，這一晚，顯然我們又成為熱門晚餐話題～因為我想瘋子真的不多了，但人生瘋個幾回，很美好～～', '2019-02-13', '2019-01-14', '2019-01-24', '1.jpg', '1', 0),
(23, 18, 2, '獨腳仙登聖母峰', '「截肢之後，我登山再也不怕凍傷了。」我笑著說，「少了腿部肌肉，我的訓練量增為三倍，上坡速度和以往一樣，下坡速度則比較慢。」 ', '2019-02-14', '2019-02-02', '2019-02-04', '1.jpg', '1', 0),
(24, 20, 4, '勇闖魔戒絕境之地', '在一個陽光燦爛的日子里，我來這裏看了藍色的溪流，在綠樹成蔭的河岸漫步。無論從格林諾奇邊還是瓦納卡邊開始遊覽都可以，這是一個美麗的荒野地區，可以花一天或一周的時間去流浪或露營。這裡有我們看過最美麗的風景，但有些道路是沒有鋪好的，有坑洞，路上有一些淺灘要經過。這一切都給這裏平添了一絲戶外的感覺。要相信你的汽車能征服這樣的小路，你自己最好也準備遠足的靴子來。所有人在這裏都有得玩，即使你只是想要坐着看風景也是可以的。', '2019-02-13', '2019-01-24', '2019-01-25', '1.jpg', '1', 0),
(25, 23, 4, '穿過綿羊，走向冰川', '從停車場走大約需要10公里，沿着美麗的山谷，溪流從這裏流過，無數的瀑布從邊緣的山脈上流下。在你前面，高聳的塔樓被冰川覆蓋。我們從第一間臨時小屋走到一條小路上，從上面可以看到很棒的景色。你可以在小徑上(瓦納卡地區為數不多的幾個地方之一)舉行自由營。很難說一個地方的風景比另一個地方更好，因為在新西蘭南島無論你去哪裡風景都很美。我們去的時候山上還有雪。事實上，那是9月下的雪。覆蓋在山上的雪會根據光和日照的改變而變化外觀。你可以花一整天來觀看這不斷變化的遠景並不會感到無聊。', '2019-02-14', '2019-02-05', '2019-02-07', '1.jpg', '1', 0),
(26, 24, 5, '[智利] 百內國家公園 之 我是硬漢!!', '四天艱苦的登山健行\r\n腳指頭破皮了,大腿肌肉拉傷了,褲子破了..\r\n一度痛的不能走路,更改行程,沒辦法走完完整的W路線\r\n\r\n這次行程最大的敗筆是穿了不合腳的鞋子去爬山,真的是失策\r\n那時候想說,穿登山鞋爬應該會比較輕鬆,就租了一雙\r\n沒想到size不合腳,第一天腳指頭跟腳踝就痛的要命\r\n為了不讓腳指頭跟腳踝痛,使用不正確的姿勢走路,導致大腿肌肉使用過度,異常的酸痛,幾乎沒法走路\r\n第二天下午,地圖上標示5個半小時的路程,我走了8個半小時,不得已,只好跟隊友分開,更改行程\r\n\r\n在露營區遇到相當多的好人,有人給我繃帶,有人給我藥物,大家都叫我不要繼續走,趕快回到puerto natales休息\r\n我也掙扎了好久,因為我的腳真的非常疼痛\r\n但我想,既然都到這了,我不想放棄,我想看到百內塔(百內國家公園的象徵),我想試試看我的極限\r\n真的到我的極限了,完全沒辦法走了,我放棄,我不想沒嘗試就這樣回家\r\n吃了止痛藥,我決定繼續我的行程,多露營一天,上攻百內塔', '2019-02-13', '2019-02-01', '2019-02-05', '1.jpg', '1', 0),
(27, 25, 5, '一生必造訪一次的旅人天堂：百內國家公園', '一直以來都很憧憬南美洲巴塔哥尼亞(Patagonia)的自然風光－位於「世界盡頭」的地理位置，竟藏有壯觀的冰川景觀、花崗岩山峰、湛綠的冰湖，和安地斯山脈及南極特有的野生動物群，豐富的自然資源也替不易到達的它蒙上一層厚厚的神秘色彩。今年做了好多功課要來這片當地人口中的”Promised Land”朝聖，一步一步藉由雙腳好好的探索這片被上天眷顧的聖地。這趟在智利的背包旅行實在得到太多出發前連想都想不到的啟發，一路上見到的自然景象，以及聆聽每天遇見的背包好手們互相訴說自己在世界各地的旅行故事，心裡受到許多震撼，覺得世界好大，還有太多等著我們去探索的角落，也不由的對旅行這件事多了許多尊敬。', '2019-02-14', '2019-02-01', '2019-02-04', '1.jpg', '1', 0),
(28, 26, 5, '<智利> 天氣多變的百內國家公園', '會來Puerto Natales的遊客目標只有一個-百內國家公園(Parque Nacional Torres del Paine)\r\n百內是有名的健行地點\r\n可以看到冰河、湖泊、瀑布、森林等多樣景觀\r\n它的健行路線大部分人會走\"W\"路線\r\nW路線是因為步道路線在地圖上跟\"W\"這個字很像\r\n要全部走完約要5天, 所以中間得紮營或住Refugios(小木屋)\r\n我研究好久.....被交通工具的接駁時間跟路線住宿地點搞到頭痛\r\n官方網站: http://www.torresdelpaine.com/ingles/secciones/noticias/20.asp\r\n紮營要背著裝備走, 雖說營地也可以租帳篷, 但至少還是得背著好幾天的糧食走\r\n住小木屋又超級貴\r\n又要走個四到五天...\r\n體力不佳的我後來想說折衷, 在Pehoe湖邊住一天, 看日出日落就好了\r\n\r\n結果到了Puerto Natales當地, 發現竟然有一日團\r\n一日團去的地點是史前巨洞+百內國家公園內很多個湖(包含Pehoe湖)\r\n跟我自己排的景點差不多, 只是這樣就看不到日出日落\r\n後來想說省麻煩, 還是報名一日團好了\r\n團費25000智利幣約1250台幣, 不含門票\r\n如果是自己去, 光是從鎮上到百內國家公園內的巴士車票就要12000智利幣了\r\n而且聽搭過車的人說車子很髒.....\r\n不過, 各人有個人考量\r\n同房室友也有人自己去爬百內塔一天來回, 真的很猛', '2019-02-13', '2019-02-01', '2019-02-05', '1.jpg', '1', 0),
(29, 27, 6, '坦尚尼亞，吉力馬札羅', '行程摘要：\r\n2010/2/6 週六下午高雄出發，到香港轉搭肯亞航空KQ861，經曼谷小停留，2/7 早上06:25，到達肯亞的Nairobi 機場。\r\n2/7 下飛機後由Nairobi 機場，坐巴士到坦尚尼亞的Arusha，與當地的Agent 確認行程。\r\n2/8-10 三天二夜，攀爬-梅魯山(Mount Meru,4566M 非洲第五高峰)，住山屋。\r\n2/11-16 六天五夜，攀爬-吉力馬札羅山(Mount Kilimanjaro)，經Machame Route，住帳蓬。\r\n2/17 文化參訪(Cultural Tour)一天，步行去看馬塞人的學校、村落、田野。\r\n2/18 獵遊(Safari)一天，坐吉普車去Lake Manyara National Park 看野生動物。\r\n2010/2/19-20 由Arusha 坐巴士到Nairobi，再乘肯亞航空KQ860 到香港轉機，週六深夜回到桃園機場。\r\n\r\n心得與建議: (to be revised) \r\n一、 國內山友去爬吉力馬札羅山，有人是請國內旅行社安排，合併獵遊（Safari）行程，一次完成，也有山友爬完山，再去其地方旅遊，端看個人時間而定。我們這次是按春節放假時間，再配合寒假、請假，聯絡當地旅行社(Agent)，自已安排行程，2/6-20，前後是15 天。\r\n二、 不管是攀爬Mount Meru 或攀爬Mount Kilimanjaro，都需透過當地合格登記的旅行社向公園當局申請，安排當地有證照的Guide 同行才能成行，而Cook、Porter 則可以僱請或不僱請。\r\n三、 攀爬Mount Kilimanjaro目前人很多，如選走有山屋的Marangu Route 路線，山屋每日容量約70 員，當地的旅行社告知，需提前決定（1-2 個月），以便申請山屋住宿。而走其他路線或攀爬Mount Meru，則可以隨時成行，沒有時間限制。\r\n四、 攀爬Mount Meru，可以安排三天兩夜或四天三夜，三天兩夜的行程是第三天由第二座山屋（the saddle hut）凌晨出發，前往頂峰看日出，再回山屋，小休息，就直下登山口，較辛苦，要有體能上的考量。\r\n五、 攀爬Mt Kilimanjaro，則可依時間多少、喜好、費用、體能選擇不同線，有五天、六天、七天，甚至九天的行程，其中Marangu Route全程有山屋，這次我們以景觀因素，選走Machame Route，上下山走不同路線，六天五夜，全程紮營夜宿。其中以第五天，午夜出發到頂峰，再下降到低海拔的營地，是較辛苦的一天。\r\n六、 費用摘要: 出發前預防注射、證明、藥品-NT$3,000 元，全程機票-NT$41,000 元，付當地Agent 的爬山費用（-見七），不在山上的日子，在當地市區的食宿(-見八)，落地簽證USD25 元+50 元，來回巴士費用-USD60 元。不計紀念品、duty free、個人裝備費用。\r\n七、 付當地Agent爬山的費用: 依淡旺季、人數、行程、服務品質、議價而定，這次與當地agent之間有很多互動，也有些參考資料，如山友有興趣自行前往，當另詳細說明。\r\n八、 不在山上的日子，在當地市區的食宿: 依個人要求而定，中等程度的旅館住宿，兩人房50-70美元/天。可以住的旅館，兩人房30-40美元/天。民宿也不錯，15-20 美元/天，均含早餐。 \r\n九、 城市裏食物費用: Arusha 是省城，物價較高，餐廳選擇很多，口味多樣，每餐費用以當地貨幣換算約3-10 美元都可能。如住Moshi，也是省城，物價相對較低。\r\n十、 在山上的食物: 包括在登山費用中，有下午茶及早中午三餐，這次感覺口味不能適應，沒有胃口。Agent有請我們提供菜單意見，以適合我們東方人或台灣人的口味，目前整理中。\r\n十一、 此行沿路見到坦尚尼亞的國家公園、山屋建築、管理措施，見到曼谷機場、香港機場的現況，再想想我們的國家公園、山屋、營地、廁所、桃園機場的現況，有點令人汗顏。我們也許可以再精進些!\r\n十二、 在坦尚尼亞待了約兩星期，對這遙遠的國家稍有認識。坦尚尼亞，在東非，臨印度洋，1964 年脫離英國獨立，面積94 萬平方公里，分26 省，人口四千一百萬，由130 種族構成，各有方言，通用語言為Swahili 及英語，宗教分佈以天主教徒、回教徒、當地傳統宗教，約各佔三分之一，年國民所得1400 美元，土地、礦產、天然氣等自然資源豐富，鄉間景色優美原始，是低度開發的國家，未來發展潛力無窮。 ', '2019-02-14', '2019-02-01', '2019-02-06', '1.jpg', '1', 0),
(30, 28, 6, '東非之行健行心得', '一望無盡的東非大草原是這裡最大的特色，眼望四週，怎麼看也看不到它的盡頭，如此乾旱大地是黑皮膚的原鄉，而人口最多的黃皮膚卻是這裡最稀少的動物，乾爽的氣候讓人止不住地將水頻頻往嘴裡送，無論怎麼喝、怎麼潤，唇，還是那麼地乾澀。\r\n\r\n數以萬計奔馳在Serengeti原野及Ngorongoro火山口的野生動物多的令人眼花撩亂，活潑亂跳、四處奔馳才是最具生命力的表現，經過Safari之後我大概也不想再進入動物園了，因為在這裡一天所看到的野生動物比我這一生當中所看到的還要多很多，而且太精彩太有趣了，動物園似乎已經沒有吸引力了！本團的賞鳥專家（封號：鳥人）Dr. Liao每看到一種不知名的鳥類便急著詢問driver “Omale”：What is this？他總是很快地翻閱鳥類圖鑑找出來為我們解答，經驗豐富的Omale，每次都沒有讓我們失望，那本鳥類圖鑑不知道被他翻幾遍了，難怪他如此熟悉，更令人驚訝的是他的好眼力，連睡在樹上的花豹都被他瞄到了，厲害吧！\r\n\r\n專業總嚮導群Photo、Gaudy、Emma等盡心盡力帶領我們登上非洲的屋頂，十分感謝他們的敬業精神，當地就業十分困難，國家公園的登山制度提供當地居民許多就業機會，因此他們十分珍惜這份工作，而園區內維持乾淨的環境也值得我們借鏡，為什麼一個非洲三流貧困的國家可以做到，我們卻不能？當氣忿的Omale嚴詞批評政府貪污腐敗時，令人感受到身為坦尚尼亞人的悲哀，非洲子民雖然擁有如此豐富的觀光資源，但大多數的人民卻沒有因此而受惠，貧窮的陰影隨處可見，馬路上無所事事的人們暴露出這個國家薄弱的經濟力量。Shalom Orphanage Centre天真無邪的小孩見到陌生遊客的到訪顯然有點興奮，這裡似乎是被遺忘的角落，雖然不知道往後的日子會如何，但這些孩童的笑容依舊燦爛，也許是欠缺雙親的溺愛，緊握訪客（林以正、孫如彬）的手不放，遠從寶島送來的物資暫時溫暖了這個慘澹經營的兒童之家，然而欠缺關懷的非洲孤兒仍極需各界援助，也許下次你我還可以盡一份心力。\r\n\r\n出發之前我總認為，這一生當中可能只來非洲這麼一次，因此既期待又興奮，畢竟很少有人會想來這種蠻荒地區遊玩，因為風險高又不方便，而且還是專程來登山順道看野生動物，或許有人會疑惑這裡有什麼好玩的？我覺得此行的Kilimanjaro＆Safari就很值得，我從未參加過如此特別的旅行，此行讓我印象深刻，沒來非洲怎麼知道這裡所蘊藏的一切，也許這裡是另一種天堂吧！', '2019-02-14', '2019-02-02', '2019-02-06', '1.jpg', '1', 0),
(31, 29, 7, '馬丘比丘之旅', '台灣與秘魯的時差是11小時，外國旅客抵達秘魯的第一站就是首都利馬（Lima）。我們這次搭華航洛杉磯再轉搭LAN（智利航空）的班機，抵達利馬的時間是晚上12點10分。「甚麼爛時間阿，12點到機場，3點到飯店，9點要開會，我這把老骨頭哪受得了拉，而且也完全沒有shopping的時間了」我忍不住跟旅行社抱怨。「沒辦法拉，你們每個人都跟我抱怨，但是利馬航空被智利航空買了，他們當然會以智利人的方便考量，飛機到智利是早上7點阿，沒有其他選擇了。」旅行社小姐無奈的說。算啦，想到結束後可以順道去馬丘比丘，已經覺得老闆待我不差，睡不著就算了。不過時差及睡不著問題，後來到了的的喀喀湖還差點要了我的命，隨後再說。\r\n\r\n       要到馬丘比丘，必須從利馬搭飛機到海拔3500公尺的印加帝國首都--古城庫斯科(當然你也可以搭公車)，然後，至San Perdo火車站搭4小時的火車抵達約海拔2500公尺的熱水鎮，再轉搭半小時的巴士上山，即可抵達馬丘比丘的入口。除了步行走印加古道從太陽門進入外，火車是當日往返唯一的方法了。\r\n\r\n       從利馬搭機到庫斯科，等於是一下子由海平面高度拉到海拔3500公尺，有些人會出現高山症反應，所以若是有時間可以安排2天的旅遊行程的話，一般都先讓旅客在飯店休息到下午1點左右，然後安排庫斯科城內古蹟巡禮，隔天再搭火車到馬丘比丘。16世紀西班牙軍隊前進南美洲，攻佔了庫斯科，馬丘比丘因被群山環繞，終年多霧，始終沒有被西班牙人發現，因而的得以完整保存，直到1911年耶魯大學教授為了要尋找另一處印加遺址，陰錯陽差的找到馬丘比丘附近的村落，馬丘比丘也因此得以重現在世人面前。但是印加帝國當初為何突然迷樣消失，仍是個謎。 \r\n', '2019-02-13', '2019-02-01', '2019-02-08', '1.jpg', '1', 0),
(32, 30, 7, '傳說之城-馬丘比丘', '為了可以在第一或第二或第三時間過檢查哨，並在太陽門佔據一個可以等待日出的好位置（別的健行隊\r\n伍也不是吃齋的），兩點半就起床了。\r\n我還是無法隨遇而安，想到那個無燈臭髒的恐怖廁所，心中還是非常介意。吃完早餐出發，到了檢查\r\n哨，需在低溫中等候一個多小時。\r\n因為身體狀況還算不錯，我很開心、順利的走完第四天一早的五公里到達馬丘比丘（阿貝一定覺得很阿\r\n彌陀佛，我也崇拜自己見招拆拆的能力，希望繼續保持）。反倒是女嚮導在馬丘比丘拐了腳，一副愁眉\r\n苦臉的樣子，不然就是躲在陰影下休息，我覺得不該是一個嚮導該有的表現。\r\n因為太早起床，早餐也吃不多，加上路程起伏，其實最後這五公里走得也還蠻累的。最後要登上太陽門\r\n的那一小段陡坡（幸好只有一小段），堪比小吳哥，只能手腳並用，所以不能和前面的人靠太近，不然\r\n會被幾乎無用武之地的登山杖打到。\r\n\r\n奮力登上太陽門，馬丘比丘就在眼前了。我以為我會為了自己真的完成了這段行程而流淚的，但一點哭\r\n的FU都沒有，但我真的到了。\r\n站在這裡等日出，只覺得自己好幸運好幸福，2015年2月在復活節島看日出，現在在馬丘比丘等日出，\r\n就算是生活在南美洲的當地人都不一定會有這樣的境遇，我何德何能啊～就算等日出的過程有點無聊，\r\n但還是不減心中對於我竟然完成這些困難的感動。\r\n但阿貝說可能太常看到書上或電視上介紹馬丘比丘，反而沒有驚奇的感覺。這種心得是有點欠打～\r\n而遠方的馬丘比丘遺址，早已經萬頭鑽動。', '2019-02-13', '2019-01-17', '2019-01-21', '1.jpg', '1', 0),
(33, 31, 8, '探訪真善美的國度-瑞士少女峰', ' \r\n\r\n我在一開始收集資料的時後，會有一點困擾，覺得好複雜\r\n\r\n但後來其實走過一次之後，就比較清楚了\r\n\r\n要搭少女峰登山火車，從盧達本納和格林德瓦都可以，兩輛車會在小夏戴克轉登山火車\r\n\r\n很多人推薦盧達本納上山的原因大多是因為盧達本納和格林德瓦比起來，格林德瓦比較吸睛\r\n\r\n而少女峰大家一樣推薦早一點去，所以就從廬達本納那邊上山，下山後可以到格林德瓦逛逛\r\n\r\n而且兩個站就都有去過了，而我也是跟著大家的這個建議走\r\n\r\n個人覺得格林德瓦真的是美多了~~~\r\n\r\n換乘少女峰登山火車的時候，上山的時後記得坐順向的位置，也就是臉面向要前進的方向\r\n\r\n因為登山的坡度有點陡，所以如果背對前進方向的話，腳要出一點力才不會讓身體往前倒\r\n\r\n相對的，下山就要坐背對前進方向的位置\r\n\r\n火車會停留在艾格石壁Eigerwand和冰海站Eismeer\r\n\r\n在這兩個車站都會有五分鐘左右的時間讓乘客下車去上洗手間跟拍拍照\r\n\r\n \r\n\r\n我自己是沒有遇到下車後，上車座位就被占走的狀況\r\n\r\n但是人真的很多，所以還是要注意一下喔', '2019-02-15', '2019-02-01', '2019-02-05', '1.jpg', '1', 0),
(34, 32, 8, '[瑞士] 歐洲三大名峰-少女峰(Jungfrau)', '　來瑞士有時也很看運氣，因為通常大家都會安排登山的活動，如果天氣陰，高山的美景就會不容易看見。少女峰行程先是搭火車上山，路上可以看到很多掛著鈴鐺的牛，而在峰頂則可以看到冰河和雪原的景象，隨後火車下山到山腰，天氣晴朗順利在少女峰的山間健行(不少走路行程，一定要穿方便行走的鞋子)，可以遠眺四周的群峰，路上也可以欣賞不知名的小花，親近自然。\r\n\r\n第五天行程搭乘登山纜車上白朗峰，由下攀升，可以看到山下的城鎮景色和湖畔。但是由於天氣偏陰，到了上頭，有一處懸空的玻璃箱，用來和背景群山合照的地方完全被白霧遮蔽，所以每個人拍照都是一片白的背景。不過對像我一樣有懼高症的人來說，白霧遮掩反而比較有安全感。\r\n\r\n　　後面幾天，天氣比較沒那麼好，到了策馬特登上高奈葛拉特山，從山腰健行為了從此地欣賞馬特洪峰與湖相映照的景色，但是雲層太多，總是擋住峰頂，等了許久依舊沒拍到完整的山峰。但是湖邊的景色相當優美，完全看不到任何人造物，保留大地原始的美貌 (註：馬特洪峰即為某知名巧克力和電影公司的標誌)。', '2019-02-15', '2019-02-01', '2019-02-04', '1.jpg', '1', 0),
(35, 33, 9, '秘魯瓦斯卡蘭Quilcayhuanca Cojup', '我爬的 trek 叫做 Quilcayhuanca - Cojup Valley，要從 Huaraz 搭車到 Pitek 登山口，或是 Llupa 這個小鎮再自己走。一早出發搭車，找不到登山杖的蓋子，繞回 Hostel 還是沒有，只好放棄尋找前往發車點。我們順利搭上第一班車，但只到距離 Pitek 還有約兩公里的終點，所以不得不多走一點；早上八點 45 分開始行走，身體還沒有熱開加上旅程開始時負重最大，使剛開始的登山路程相當辛苦，花了不少時間才抵達 Pitek，稍微休息幾分鐘後，突然有另一台巴士開來；要是事前知道有這台車的話就可以省下非常多體力了。\r\n\r\n我向管理員登記入山，化名為門票上的 Fernando Maqcedano 順利進入；早上十點 15 分，和 Devin 告別後開始我為期三天的山裡獨行。在進入公園不久後便遇到一位帶著可愛女兒的當地人要回家，便一起走了一小段，剛好他也是個登山家，便請教了一些攀登瓦斯卡蘭國家公園高山的問題。二十分鐘後與她告別，然後踏上一個人的緩慢的旅途。\r\n\r\n\r\n\r\n遇到另外一個管理處入口，不過大門深鎖、也看不到任何管理員的蹤影，只好翻牆通過；牆後的河谷是一片水草豐美的野生牧場，視野一路延伸數公里直到被白雪覆蓋峰頂的雪山。儘管背包十分沈重，但在這美好的景色中心情卻非常輕快。一路上非常多的綿羊、馬、驢子和牛等牲畜，在這豐美之地和平地生活著。\r\n\r\n一路十分平坦愉快，前進的速度也很不錯。中午 11:30，煎了培根、切了半顆蕃茄配吐司當午餐，煮了一杯咖啡來喝；一邊吃著一邊想，上路一陣子，自己或多或少也習慣一個人吃飯、旅行，不過像這樣在一片完全沒有人的地方，只與天地作伴、一個人煮午餐吃好像已經是很久很久以前的事情了。內心有些事情也許悄悄的變化著，又或許已經改變不少，要能夠準確說出這些事情對我而言還不是那麼容易，而我還在路上。', '2019-02-15', '2019-02-01', '2019-02-04', '1.jpg', '1', 0),
(36, 34, 9, '瓦斯卡蘭', '儘管睡袋相當保暖，並沒有旅程第一次露營時溫度喪失的感覺，但還是能感覺出昨晚相當的冷。起床到帳外，發現原來此營地可以看到另外兩座雪山，其中一座整片雪白，潔淨無瑕，實在難以用言語形容。天氣相當晴朗，於是我把鍋具瓦斯爐拿到戶外煮咖啡，配著僅剩的能量棒當早餐。太陽照不到營地，活動範圍都在山的陰影之下，風吹過時非常的冷，外帳被高山鋪滿了一層冰。\r\n\r\n \r\n\r\n想想今天順利下山應該不是問題，於是我決定等到帳篷都曬乾再出發。附近只有一頭牛，不像昨天早上那幾頭一直來煩我，只是靜靜地觀看我在幹嘛，突然想到也許登山者死後都會變成牛，回到山裡吧。在此期間，我又將台獨旗升起，拍了相當多的照片，不幸的是我的單眼相機 LCD 螢幕壞了，從此以後只能透過觀景窗來拍照。\r\n\r\n\r\n\r\n早上 10:15，裝備乾的差不多後便開始下山，抵達河谷前的最後一段路是一大片斜草坡，雖然視野清楚，但路還是非常不好找，不斷對照 Maps me，仍然無法找到正確的下山路徑，也完全找不到石堆路標\r\n\r\n不過既然能夠順利看到對面山腳的道路，也能看到穿越河谷的路徑，想著既然已經算是相當安全了，便在 11:30 把最後的能量棒和葡萄乾吃完後，心一橫，不管道路直接以 Z 字型下山，幸好裝備已經比先前輕了太多，所以體力消耗的也很少，關節也沒有受到運動傷害。下到河谷後，發現河流比預期的更寬而湍急，實在難以跨越；繞了一陣子後選定幾塊大石頭，將登山杖掛回背包，跳過這幾塊石頭順利過河，然後爬上公路，到此時為止算是結束了所有摸索路段的困難了。\r\n\r\n\r\n\r\n本來預計下午三點要抵達登山口，但總覺得既然都已經來到安全路段，沒有看看高山湖 Laguna Palcacocha 有點可惜，掙扎了一下後還是決定去看。Laguna Palcacocha 前 1.8 km 處有工寮，我將背包寄放在此輕裝前往高山湖，輕裝快走了約 15 分鐘抵達，在一整片潔白無瑕的雪山下閃耀著青綠色彩的湖水非常漂亮，概念上就像 69 湖的冷冽加帕龍湖的色澤，而此湖也是河川 Cojup 河的源頭，我在這邊將水壺裝滿，拍了些照片後便正式啟程返回 Huaraz\r\n\r\n\r\n\r\n工人都不在工寮，我將背包取走後便開始快步下山，配速的方式為每 55 分鐘休息 5 分鐘，從 1:15 分開始行走，到 1:55 休息時間時發現腳底的水泡破了，沒辦法連續走這麼長時間，便改為每小時中第一個 30 分鐘休息 5 分鐘，第二個 20 分鐘休息五分鐘，不過實際上都沒有休息到五分鐘就是了。\r\n\r\n \r\n\r\n維持著 4km/hr 的時速，忍耐著腳底的水泡和肩膀的疼痛拼命趕路，由於剛才的湖是重要水源，所以這條道路是開給車輛通行的道路，完全沒有找路的問題，只是路上偶爾佈滿碎石，腳踩上去非常疼痛，但所有的路不就是這樣走過來的嗎？想想也沒什麼大不了，總之拼命走就是了。', '2019-02-14', '2019-02-03', '2019-02-07', '1.jpg', '1', 0),
(37, 35, 10, '優勝美地國家公園', '姐平時沒甚麼收集東西的嗜好，過去五年搬了三次家，每次都得學會斷捨割離的功課。但如果說硬要收集東西的話，除了收集不同的旅遊回憶之外，另外一個小小癖好大概是喜歡的地方，我會想要在不同的季節裡去（通常是自然景觀，那種博物館美術館的地點當然一年四季去都差不多XD）。春花秋月知多少，每個季節的不同變化，都像是不同的景點。\r\n優勝美地就是被我列入四季必須蒐集完畢的地方。去年底之前已囊括夏天、秋天，而今年去的時候剛好是冬末初春的好季節（兩邊相比，可能靠春天多一點），每次都帶給我不同的感動。不同季節探訪，有著不同的體驗。去過優勝美地那麼多次，將這些心得分享出來。畢竟優勝美地是個聯合國世界文化遺產，又是美國國家公園內回鍋率最高的公園，如果有幸來訪，真的要好好規劃，才能一探究竟。', '2019-02-15', '2019-02-04', '2019-02-06', '1.jpg', '1', 0),
(38, 36, 10, '優勝美地', '※優勝美地LOCAL TOUR心得分享※\r\n\r\n懶人包文末，簡單分享一下這次的LOCAL TOUR。\r\n\r\n其實網路上估狗一下會找到非常多家旅行社都有在辦優勝美地TOUR，當天來回的、二日三日四日遊。都有。價格大同小異。\r\n\r\n我最後是考量搭配的飯店，已經整體行程規劃感覺，選擇\"STARLINE TOURS\"\r\n\r\n後來發現，STARLINE是給CALIFORNIA PARLOR CAR TOURS承辦，但最後被帶到CHECK IN的旅行社又是GRAYLINE\r\n\r\n有種被剝了好幾層皮的感覺.......但STARLINE跟CA PARLOR其實自己都是很大的旅行社，有自己在承辦，我在想可能是我出團那日他們自己人數不多，就丟給GRAYLINE吧.....\r\n\r\n不負責任猜測....因為後來去看GRAYLINE網站，發現他們主要經營一日遊，沒有提供在優勝美地住宿的TOUR PACKAGE。\r\n\r\n其他其實還有很多家，像EXTRANOMICAL TOURS提供的過夜PACKAGE，有滿多飯店可以選擇的，露營的、園區內飯店或園區外諸多飯店...\r\n\r\n另外聽說INCREDIBLE ADVENTURES不是用遊覽車，是用大型休旅車。二日團導遊會跟遊客一起在園區內過夜。\r\n\r\n選擇很多，大家可以多多比較，看哪個符合自己的需求。', '2019-02-15', '2019-02-05', '2019-02-07', '1.jpg', '1', 0);

-- --------------------------------------------------------

--
-- Table structure for table `member`
--

CREATE TABLE `member` (
  `memNo` int(11) NOT NULL,
  `memName` varchar(30) DEFAULT NULL,
  `memId` varchar(30) DEFAULT NULL,
  `memImg` varchar(255) DEFAULT NULL,
  `memMail` varchar(50) DEFAULT NULL,
  `memTel` varchar(15) DEFAULT NULL,
  `memPsw` varchar(20) DEFAULT NULL,
  `memPoint` int(11) DEFAULT '0',
  `memStatus` tinyint(1) NOT NULL DEFAULT '1' COMMENT '0:停權 1:正常'
) ENGINE=InnoDB DEFAULT CHARSET=utf8;

--
-- Dumping data for table `member`
--

INSERT INTO `member` (`memNo`, `memName`, `memId`, `memImg`, `memMail`, `memTel`, `memPsw`, `memPoint`, `memStatus`) VALUES
(1, '文森', 'Vincent', '1.jpg', '1@', '0912394488', '1', 250, 1),
(2, '米津玄師', 'Lemon', '2.jpg', 'a124@gmail.com', '0912394488', '456', 3000, 1),
(3, '周杰倫', 'Jay', '3.jpg', 'a125@gmail.com', '0913234432', '789', 3000, 1),
(4, '羽生結弦', '維尼', '4.jpg', 'a126@gmail.com', '0912396666', 'abc', 100, 1),
(5, '蔡依林', 'Jolin', '5.jpg', 'a127@gmail.com', '0912393588', 'def', 5000, 1),
(6, '福爾摩斯', '夏洛克', '6.jpg', 'a128@gmail.com', '0912288434', 'qwe', 300, 1),
(7, '華生', '約翰', '7.jpg', 'a129@gmail.com', '0923443537', 'asd', 1100, 1),
(8, '權志龍', 'GD', '8.jpg', '2@', '0912324553', '1', 0, 0);

-- --------------------------------------------------------

--
-- Table structure for table `order`
--

CREATE TABLE `order` (
  `ordNo` int(11) NOT NULL COMMENT '訂單編號',
  `memId` int(11) NOT NULL COMMENT '會員編號',
  `pdNo` int(11) NOT NULL COMMENT '行程開團編號',
  `ordDate` date NOT NULL COMMENT '訂單日期',
  `people` char(1) CHARACTER SET utf8 COLLATE utf8_general_ci NOT NULL COMMENT '參加人數1~5人',
  `ordPrice` int(11) NOT NULL COMMENT '訂單金額',
  `ordStart` date NOT NULL COMMENT '出發日期',
  `ordEnd` date NOT NULL COMMENT '結束日期',
  `ordStatus` char(1) CHARACTER SET utf8 COLLATE utf8_general_ci NOT NULL COMMENT '訂單狀態0:已成立 1:已完成 2:待退款 3:已取消（已退款）',
  `rateCont` varchar(255) CHARACTER SET utf8 COLLATE utf8_general_ci DEFAULT NULL COMMENT '評價內容',
  `rate` char(1) CHARACTER SET utf8 COLLATE utf8_general_ci DEFAULT NULL COMMENT '評價等級'
) ENGINE=InnoDB DEFAULT CHARSET=utf8;

--
-- Dumping data for table `order`
--

INSERT INTO `order` (`ordNo`, `memId`, `pdNo`, `ordDate`, `people`, `ordPrice`, `ordStart`, `ordEnd`, `ordStatus`, `rateCont`, `rate`) VALUES
(1, 1, 1, '2018-08-01', '4', 29999, '2018-08-02', '2018-08-12', '1', '好山好水好無聊', '5'),
(2, 1, 1, '2018-08-12', '4', 29999, '2018-08-13', '2018-08-24', '1', '好山好水好無聊', '5'),
(3, 1, 1, '2018-08-24', '4', 29999, '2018-09-01', '2018-09-11', '1', '好山好水好無聊', '5'),
(4, 1, 1, '2018-09-11', '4', 29999, '2018-09-12', '2018-09-22', '1', '好山好水好無聊', '5'),
(5, 2, 1, '2018-08-01', '5', 39999, '2018-08-02', '2018-08-12', '1', '好山好水好好玩', '5'),
(6, 2, 1, '2018-08-12', '5', 39999, '2018-08-13', '2018-08-24', '1', '好山好水好好玩', '5'),
(7, 2, 1, '2018-08-24', '5', 39999, '2018-09-01', '2018-09-11', '1', '好山好水好好玩', '5'),
(8, 2, 1, '2018-09-11', '5', 39999, '2018-09-12', '2018-09-22', '1', '好山好水好好玩', '5'),
(9, 2, 1, '2018-09-22', '5', 39999, '2018-10-01', '2018-10-11', '1', '好山好水好好玩', '5'),
(10, 3, 1, '2018-08-01', '5', 49999, '2018-08-02', '2018-08-12', '1', '好山好水好想睡', '5'),
(11, 3, 1, '2018-08-12', '5', 49999, '2018-08-13', '2018-08-24', '1', '好山好水好想睡', '5'),
(12, 3, 1, '2018-08-24', '5', 49999, '2018-09-01', '2018-09-11', '1', '好山好水好想睡', '5'),
(13, 3, 1, '2018-09-11', '5', 49999, '2018-09-12', '2018-09-22', '1', '好山好水好想睡', '5'),
(14, 3, 1, '2018-09-22', '5', 49999, '2018-10-01', '2018-10-11', '1', '好山好水好想睡', '5');

-- --------------------------------------------------------

--
-- Table structure for table `orderchecklist`
--

CREATE TABLE `orderchecklist` (
  `ordNo` int(11) NOT NULL COMMENT 'PK,FK',
  `eqmNo` int(11) NOT NULL COMMENT 'PK,FK',
  `checked` tinyint(1) NOT NULL DEFAULT '0' COMMENT '0:沒勾選 1:勾選'
) ENGINE=InnoDB DEFAULT CHARSET=utf8;

--
-- Dumping data for table `orderchecklist`
--

INSERT INTO `orderchecklist` (`ordNo`, `eqmNo`, `checked`) VALUES
(1, 1, 0),
(1, 2, 0),
(1, 3, 0),
(1, 4, 0),
(1, 5, 0),
(1, 6, 0),
(1, 7, 0),
(1, 8, 0),
(1, 9, 0),
(1, 10, 0),
(1, 11, 0),
(1, 12, 0),
(1, 13, 0),
(1, 14, 0),
(1, 15, 0),
(1, 16, 0),
(1, 17, 0),
(1, 18, 0),
(1, 19, 0),
(1, 20, 0),
(1, 21, 0),
(1, 22, 0),
(1, 23, 0),
(1, 24, 0),
(1, 25, 0),
(1, 26, 0),
(1, 27, 0),
(1, 28, 0),
(1, 29, 0),
(1, 30, 0),
(1, 31, 0),
(1, 32, 0),
(1, 33, 0),
(1, 34, 0),
(1, 35, 0),
(1, 36, 0),
(1, 37, 0),
(2, 1, 0),
(2, 2, 0),
(2, 3, 0),
(2, 4, 0),
(2, 5, 0),
(2, 6, 0),
(2, 7, 0),
(2, 8, 0),
(2, 9, 0),
(2, 10, 0),
(2, 11, 0),
(2, 12, 0),
(2, 13, 0),
(2, 14, 0),
(2, 15, 0),
(2, 16, 0),
(2, 17, 0),
(2, 18, 0),
(2, 19, 0),
(2, 20, 0),
(2, 21, 0),
(2, 22, 0),
(2, 23, 0),
(2, 24, 0),
(2, 25, 0),
(2, 26, 0),
(2, 27, 0),
(2, 28, 0),
(2, 29, 0),
(2, 30, 0),
(2, 31, 0),
(2, 32, 0),
(2, 33, 0),
(2, 34, 0),
(2, 35, 0),
(2, 36, 0),
(2, 37, 0),
(3, 1, 0),
(3, 2, 0),
(3, 3, 0),
(3, 4, 0),
(3, 5, 0),
(3, 6, 0),
(3, 7, 0),
(3, 8, 0),
(3, 9, 0),
(3, 10, 0),
(3, 11, 0),
(3, 12, 0),
(3, 13, 0),
(3, 14, 0),
(3, 15, 0),
(3, 16, 0),
(3, 17, 0),
(3, 18, 0),
(3, 19, 0),
(3, 20, 0),
(3, 21, 0),
(3, 22, 0),
(3, 23, 0),
(3, 24, 0),
(3, 25, 0),
(3, 26, 0),
(3, 27, 0),
(3, 28, 0),
(3, 29, 0),
(3, 30, 0),
(3, 31, 0),
(3, 32, 0),
(3, 33, 0),
(3, 34, 0),
(3, 35, 0),
(3, 36, 0),
(3, 37, 0),
(4, 1, 0),
(4, 2, 0),
(4, 3, 0),
(4, 4, 0),
(4, 5, 0),
(4, 6, 0),
(4, 7, 0),
(4, 8, 0),
(4, 9, 0),
(4, 10, 0),
(4, 11, 0),
(4, 12, 0),
(4, 13, 0),
(4, 14, 0),
(4, 15, 0),
(4, 16, 0),
(4, 17, 0),
(4, 18, 0),
(4, 19, 0),
(4, 20, 0),
(4, 21, 0),
(4, 22, 0),
(4, 23, 0),
(4, 24, 0),
(4, 25, 0),
(4, 26, 0),
(4, 27, 0),
(4, 28, 0),
(4, 29, 0),
(4, 30, 0),
(4, 31, 0),
(4, 32, 0),
(4, 33, 0),
(4, 34, 0),
(4, 35, 0),
(4, 36, 0),
(4, 37, 0),
(5, 1, 0),
(5, 2, 0),
(5, 3, 0),
(5, 4, 0),
(5, 5, 0),
(5, 6, 0),
(5, 7, 0),
(5, 8, 0),
(5, 9, 0),
(5, 10, 0),
(5, 11, 0),
(5, 12, 0),
(5, 13, 0),
(5, 14, 0),
(5, 15, 0),
(5, 16, 0),
(5, 17, 0),
(5, 18, 0),
(5, 19, 0),
(5, 20, 0),
(5, 21, 0),
(5, 22, 0),
(5, 23, 0),
(5, 24, 0),
(5, 25, 0),
(5, 26, 0),
(5, 27, 0),
(5, 28, 0),
(5, 29, 0),
(5, 30, 0),
(5, 31, 0),
(5, 32, 0),
(5, 33, 0),
(5, 34, 0),
(5, 35, 0),
(5, 36, 0),
(5, 37, 0),
(6, 1, 0),
(6, 2, 0),
(6, 3, 0),
(6, 4, 0),
(6, 5, 0),
(6, 6, 0),
(6, 7, 0),
(6, 8, 0),
(6, 9, 0),
(6, 10, 0),
(6, 11, 0),
(6, 12, 0),
(6, 13, 0),
(6, 14, 0),
(6, 15, 0),
(6, 16, 0),
(6, 17, 0),
(6, 18, 0),
(6, 19, 0),
(6, 20, 0),
(6, 21, 0),
(6, 22, 0),
(6, 23, 0),
(6, 24, 0),
(6, 25, 0),
(6, 26, 0),
(6, 27, 0),
(6, 28, 0),
(6, 29, 0),
(6, 30, 0),
(6, 31, 0),
(6, 32, 0),
(6, 33, 0),
(6, 34, 0),
(6, 35, 0),
(6, 36, 0),
(6, 37, 0),
(7, 1, 0),
(7, 2, 0),
(7, 3, 0),
(7, 4, 0),
(7, 5, 0),
(7, 6, 0),
(7, 7, 0),
(7, 8, 0),
(7, 9, 0),
(7, 10, 0),
(7, 11, 0),
(7, 12, 0),
(7, 13, 0),
(7, 14, 0),
(7, 15, 0),
(7, 16, 0),
(7, 17, 0),
(7, 18, 0),
(7, 19, 0),
(7, 20, 0),
(7, 21, 0),
(7, 22, 0),
(7, 23, 0),
(7, 24, 0),
(7, 25, 0),
(7, 26, 0),
(7, 27, 0),
(7, 28, 0),
(7, 29, 0),
(7, 30, 0),
(7, 31, 0),
(7, 32, 0),
(7, 33, 0),
(7, 34, 0),
(7, 35, 0),
(7, 36, 0),
(7, 37, 0),
(8, 1, 0),
(8, 2, 0),
(8, 3, 0),
(8, 4, 0),
(8, 5, 0),
(8, 6, 0),
(8, 7, 0),
(8, 8, 0),
(8, 9, 0),
(8, 10, 0),
(8, 11, 0),
(8, 12, 0),
(8, 13, 0),
(8, 14, 0),
(8, 15, 0),
(8, 16, 0),
(8, 17, 0),
(8, 18, 0),
(8, 19, 0),
(8, 20, 0),
(8, 21, 0),
(8, 22, 0),
(8, 23, 0),
(8, 24, 0),
(8, 25, 0),
(8, 26, 0),
(8, 27, 0),
(8, 28, 0),
(8, 29, 0),
(8, 30, 0),
(8, 31, 0),
(8, 32, 0),
(8, 33, 0),
(8, 34, 0),
(8, 35, 0),
(8, 36, 0),
(8, 37, 0),
(9, 1, 0),
(9, 2, 0),
(9, 3, 0),
(9, 4, 0),
(9, 5, 0),
(9, 6, 0),
(9, 7, 0),
(9, 8, 0),
(9, 9, 0),
(9, 10, 0),
(9, 11, 0),
(9, 12, 0),
(9, 13, 0),
(9, 14, 0),
(9, 15, 0),
(9, 16, 0),
(9, 17, 0),
(9, 18, 0),
(9, 19, 0),
(9, 20, 0),
(9, 21, 0),
(9, 22, 0),
(9, 23, 0),
(9, 24, 0),
(9, 25, 0),
(9, 26, 0),
(9, 27, 0),
(9, 28, 0),
(9, 29, 0),
(9, 30, 0),
(9, 31, 0),
(9, 32, 0),
(9, 33, 0),
(9, 34, 0),
(9, 35, 0),
(9, 36, 0),
(9, 37, 0),
(10, 1, 0),
(10, 2, 0),
(10, 3, 0),
(10, 4, 0),
(10, 5, 0),
(10, 6, 0),
(10, 7, 0),
(10, 8, 0),
(10, 9, 0),
(10, 10, 0),
(10, 11, 0),
(10, 12, 0),
(10, 13, 0),
(10, 14, 0),
(10, 15, 0),
(10, 16, 0),
(10, 17, 0),
(10, 18, 0),
(10, 19, 0),
(10, 20, 0),
(10, 21, 0),
(10, 22, 0),
(10, 23, 0),
(10, 24, 0),
(10, 25, 0),
(10, 26, 0),
(10, 27, 0),
(10, 28, 0),
(10, 29, 0),
(10, 30, 0),
(10, 31, 0),
(10, 32, 0),
(10, 33, 0),
(10, 34, 0),
(10, 35, 0),
(10, 36, 0),
(10, 37, 0),
(11, 1, 0),
(11, 2, 0),
(11, 3, 0),
(11, 4, 0),
(11, 5, 0),
(11, 6, 0),
(11, 7, 0),
(11, 8, 0),
(11, 9, 0),
(11, 10, 0),
(11, 11, 0),
(11, 12, 0),
(11, 13, 0),
(11, 14, 0),
(11, 15, 0),
(11, 16, 0),
(11, 17, 0),
(11, 18, 0),
(11, 19, 0),
(11, 20, 0),
(11, 21, 0),
(11, 22, 0),
(11, 23, 0),
(11, 24, 0),
(11, 25, 0),
(11, 26, 0),
(11, 27, 0),
(11, 28, 0),
(11, 29, 0),
(11, 30, 0),
(11, 31, 0),
(11, 32, 0),
(11, 33, 0),
(11, 34, 0),
(11, 35, 0),
(11, 36, 0),
(11, 37, 0),
(12, 1, 0),
(12, 2, 0),
(12, 3, 0),
(12, 4, 0),
(12, 5, 0),
(12, 6, 0),
(12, 7, 0),
(12, 8, 0),
(12, 9, 0),
(12, 10, 0),
(12, 11, 0),
(12, 12, 0),
(12, 13, 0),
(12, 14, 0),
(12, 15, 0),
(12, 16, 0),
(12, 17, 0),
(12, 18, 0),
(12, 19, 0),
(12, 20, 0),
(12, 21, 0),
(12, 22, 0),
(12, 23, 0),
(12, 24, 0),
(12, 25, 0),
(12, 26, 0),
(12, 27, 0),
(12, 28, 0),
(12, 29, 0),
(12, 30, 0),
(12, 31, 0),
(12, 32, 0),
(12, 33, 0),
(12, 34, 0),
(12, 35, 0),
(12, 36, 0),
(12, 37, 0),
(13, 1, 0),
(13, 2, 0),
(13, 3, 0),
(13, 4, 0),
(13, 5, 0),
(13, 6, 0),
(13, 7, 0),
(13, 8, 0),
(13, 9, 0),
(13, 10, 0),
(13, 11, 0),
(13, 12, 0),
(13, 13, 0),
(13, 14, 0),
(13, 15, 0),
(13, 16, 0),
(13, 17, 0),
(13, 18, 0),
(13, 19, 0),
(13, 20, 0),
(13, 21, 0),
(13, 22, 0),
(13, 23, 0),
(13, 24, 0),
(13, 25, 0),
(13, 26, 0),
(13, 27, 0),
(13, 28, 0),
(13, 29, 0),
(13, 30, 0),
(13, 31, 0),
(13, 32, 0),
(13, 33, 0),
(13, 34, 0),
(13, 35, 0),
(13, 36, 0),
(13, 37, 0),
(14, 1, 0),
(14, 2, 0),
(14, 3, 0),
(14, 4, 0),
(14, 5, 0),
(14, 6, 0),
(14, 7, 0),
(14, 8, 0),
(14, 9, 0),
(14, 10, 0),
(14, 11, 0),
(14, 12, 0),
(14, 13, 0),
(14, 14, 0),
(14, 15, 0),
(14, 16, 0),
(14, 17, 0),
(14, 18, 0),
(14, 19, 0),
(14, 20, 0),
(14, 21, 0),
(14, 22, 0),
(14, 23, 0),
(14, 24, 0),
(14, 25, 0),
(14, 26, 0),
(14, 27, 0),
(14, 28, 0),
(14, 29, 0),
(14, 30, 0),
(14, 31, 0),
(14, 32, 0),
(14, 33, 0),
(14, 34, 0),
(14, 35, 0),
(14, 36, 0),
(14, 37, 0);

-- --------------------------------------------------------

--
-- Table structure for table `passenger`
--

CREATE TABLE `passenger` (
  `ordNo` int(11) NOT NULL COMMENT 'PK,FK',
  `psgName` varchar(30) CHARACTER SET utf8 COLLATE utf8_general_ci NOT NULL COMMENT '旅客姓名',
  `birthday` date NOT NULL COMMENT '旅客生日',
  `psgTel` varchar(15) CHARACTER SET utf8 COLLATE utf8_general_ci NOT NULL COMMENT '旅客電話',
  `psgId` char(10) CHARACTER SET utf8 COLLATE utf8_general_ci NOT NULL COMMENT 'PK,FK'
) ENGINE=InnoDB DEFAULT CHARSET=utf8;

--
-- Dumping data for table `passenger`
--

INSERT INTO `passenger` (`ordNo`, `psgName`, `birthday`, `psgTel`, `psgId`) VALUES
(1, '楊過', '1990-01-01', '0912345678', 'A123456789'),
(1, '八六', '1990-01-02', '0912345679', 'B123456789'),
(1, '巴巴', '1990-01-03', '0912345680', 'C123456789'),
(1, '八五', '1990-01-04', '0912345681', 'D123456789'),
(2, '楊過', '1990-01-01', '0912345678', 'A123456789'),
(2, '八六', '1990-01-02', '0912345679', 'B123456789'),
(2, '巴巴', '1990-01-03', '0912345680', 'C123456789'),
(2, '八五', '1990-01-04', '0912345681', 'D123456789'),
(3, '楊過', '1990-01-01', '0912345678', 'A123456789'),
(3, '八六', '1990-01-02', '0912345679', 'B123456789'),
(3, '巴巴', '1990-01-03', '0912345680', 'C123456789'),
(3, '八五', '1990-01-04', '0912345681', 'D123456789'),
(4, '楊過', '1990-01-01', '0912345678', 'A123456789'),
(4, '八六', '1990-01-02', '0912345679', 'B123456789'),
(4, '巴巴', '1990-01-03', '0912345680', 'C123456789'),
(4, '八五', '1990-01-04', '0912345681', 'D123456789'),
(5, '木斷銅', '1992-02-02', '0912567877', 'E123456789'),
(5, '炒蓮藕', '1992-02-03', '0912567874', 'G123456789'),
(5, '八神庵', '1992-01-02', '0912345680', 'G138484757'),
(5, '草薙津', '1992-01-30', '0912567878', 'G138484758'),
(5, '炸蓮藕', '1992-02-04', '0912567873', 'H123456789'),
(6, '木斷銅', '1992-02-02', '0912567877', 'E123456789'),
(6, '炒蓮藕', '1992-02-03', '0912567874', 'G123456789'),
(6, '八神庵', '1992-01-02', '0912345680', 'G138484757'),
(6, '草薙津', '1992-01-30', '0912567878', 'G138484758'),
(6, '炸蓮藕', '1992-02-04', '0912567873', 'H123456789'),
(7, '木斷銅', '1992-02-02', '0912567877', 'E123456789'),
(7, '炒蓮藕', '1992-02-03', '0912567874', 'G123456789'),
(7, '八神庵', '1992-01-02', '0912345680', 'G138484757'),
(7, '草薙津', '1992-01-30', '0912567878', 'G138484758'),
(7, '炸蓮藕', '1992-02-04', '0912567873', 'H123456789'),
(8, '木斷銅', '1992-02-02', '0912567877', 'E123456789'),
(8, '炒蓮藕', '1992-02-03', '0912567874', 'G123456789'),
(8, '八神庵', '1992-01-02', '0912345680', 'G138484757'),
(8, '草薙津', '1992-01-30', '0912567878', 'G138484758'),
(8, '炸蓮藕', '1992-02-04', '0912567873', 'H123456789'),
(9, '木斷銅', '1992-02-02', '0912567877', 'E123456789'),
(9, '炒蓮藕', '1992-02-03', '0912567874', 'G123456789'),
(9, '八神庵', '1992-01-02', '0912345680', 'G138484757'),
(9, '草薙津', '1992-01-30', '0912567878', 'G138484758'),
(9, '炸蓮藕', '1992-02-04', '0912567873', 'H123456789'),
(10, '木蓮藕', '1992-02-03', '0912567876', '123456789'),
(10, '三斷仁', '1992-02-05', '0912567872', 'I123456789'),
(10, '五斷仁', '1992-02-06', '0912567870', 'K123456788'),
(10, '四斷仁', '1992-02-05', '0912567871', 'K123456789'),
(10, '八九', '1992-02-07', '0912567869', 'O123456788'),
(11, '木蓮藕', '1992-02-03', '0912567876', '123456789'),
(11, '三斷仁', '1992-02-05', '0912567872', 'I123456789'),
(11, '五斷仁', '1992-02-06', '0912567870', 'K123456788'),
(11, '四斷仁', '1992-02-05', '0912567871', 'K123456789'),
(11, '八九', '1992-02-07', '0912567869', 'O123456788'),
(12, '木蓮藕', '1992-02-03', '0912567876', '123456789'),
(12, '三斷仁', '1992-02-05', '0912567872', 'I123456789'),
(12, '五斷仁', '1992-02-06', '0912567870', 'K123456788'),
(12, '四斷仁', '1992-02-05', '0912567871', 'K123456789'),
(12, '八九', '1992-02-07', '0912567869', 'O123456788'),
(13, '木蓮藕', '1992-02-03', '0912567876', '123456789'),
(13, '三斷仁', '1992-02-05', '0912567872', 'I123456789'),
(13, '五斷仁', '1992-02-06', '0912567870', 'K123456788'),
(13, '四斷仁', '1992-02-05', '0912567871', 'K123456789'),
(13, '八九', '1992-02-07', '0912567869', 'O123456788'),
(14, '木蓮藕', '1992-02-03', '0912567876', '123456789'),
(14, '三斷仁', '1992-02-05', '0912567872', 'I123456789'),
(14, '五斷仁', '1992-02-06', '0912567870', 'K123456788'),
(14, '四斷仁', '1992-02-05', '0912567871', 'K123456789'),
(14, '八九', '1992-02-07', '0912567869', 'O123456788');

-- --------------------------------------------------------

--
-- Table structure for table `product`
--

CREATE TABLE `product` (
  `pdNo` int(11) NOT NULL,
  `pdkNo` int(11) NOT NULL COMMENT 'FK',
  `gdNo1` int(11) NOT NULL COMMENT 'FK',
  `gdNo2` int(11) DEFAULT NULL,
  `pdStart` date NOT NULL,
  `pdStatus` tinyint(1) NOT NULL DEFAULT '1' COMMENT '0:下架 1:上架'
) ENGINE=InnoDB DEFAULT CHARSET=utf8;

--
-- Dumping data for table `product`
--

INSERT INTO `product` (`pdNo`, `pdkNo`, `gdNo1`, `gdNo2`, `pdStart`, `pdStatus`) VALUES
(1, 1, 1, 2, '2019-02-26', 1),
(2, 1, 3, 4, '2019-03-04', 1),
(3, 1, 2, 4, '2019-03-09', 1),
(4, 1, 1, 3, '2019-03-15', 1),
(5, 1, 1, 2, '2019-03-21', 1),
(6, 1, 3, 4, '2019-03-27', 1),
(7, 1, 4, 1, '2019-04-03', 1),
(8, 1, 1, 2, '2019-04-08', 1),
(9, 1, 3, 4, '2019-04-18', 1),
(10, 1, 2, 3, '2019-04-23', 1),
(11, 1, 1, 2, '2019-04-29', 1),
(12, 1, 3, 4, '2019-05-03', 1),
(13, 1, 4, 1, '2019-05-13', 1),
(14, 1, 1, 2, '2019-05-23', 1),
(15, 1, 2, 4, '2019-06-02', 1),
(16, 1, 1, 2, '2019-06-13', 1),
(17, 1, 3, 4, '2019-06-18', 1),
(18, 1, 4, 1, '2019-06-29', 1),
(19, 1, 1, 2, '2019-07-04', 1),
(20, 1, 3, 4, '2019-07-10', 1),
(21, 1, 2, 4, '2019-07-20', 1),
(22, 1, 1, 2, '2019-07-31', 1),
(23, 1, 3, 4, '2019-08-07', 1),
(24, 1, 4, 1, '2019-08-16', 1),
(25, 1, 1, 2, '2019-08-22', 1),
(26, 1, 3, 4, '2019-08-27', 1),
(27, 1, 2, 4, '2019-09-01', 1),
(28, 1, 1, 2, '2019-09-12', 1),
(29, 1, 3, 4, '2019-09-17', 1),
(30, 1, 4, 1, '2019-09-27', 1),
(31, 2, 5, 6, '2019-02-25', 1),
(32, 2, 7, 8, '2019-03-14', 1),
(33, 2, 7, 5, '2019-04-01', 1),
(34, 2, 5, 8, '2019-04-19', 1),
(35, 2, 6, 7, '2019-05-07', 1),
(36, 2, 5, 6, '2019-05-25', 1),
(37, 2, 7, 8, '2019-06-12', 1),
(38, 2, 7, 5, '2019-06-30', 1),
(39, 2, 5, 8, '2019-07-18', 1),
(40, 2, 6, 7, '2019-08-05', 1),
(41, 2, 5, 6, '2019-08-23', 1),
(42, 2, 7, 8, '2019-09-10', 1),
(43, 3, 9, 10, '2019-02-26', 1),
(44, 3, 11, 12, '2019-03-06', 1),
(45, 3, 9, 11, '2019-03-15', 1),
(46, 3, 10, 12, '2019-03-25', 1),
(47, 3, 9, 12, '2019-04-02', 1),
(48, 3, 10, 11, '2019-04-13', 1),
(49, 3, 9, 10, '2019-04-24', 1),
(50, 3, 11, 12, '2019-05-03', 1),
(51, 3, 9, 11, '2019-05-13', 1),
(52, 3, 10, 12, '2019-05-23', 1),
(53, 3, 9, 12, '2019-05-31', 1),
(54, 3, 10, 11, '2019-06-11', 1),
(55, 3, 9, 10, '2019-06-20', 1),
(56, 3, 11, 12, '2019-06-29', 1),
(57, 3, 9, 11, '2019-07-07', 1),
(58, 3, 10, 12, '2019-07-16', 1),
(59, 3, 9, 12, '2019-07-25', 1),
(60, 3, 10, 11, '2019-08-01', 1),
(61, 3, 9, 10, '2019-08-12', 1),
(62, 3, 11, 12, '2019-08-21', 1),
(63, 3, 9, 11, '2019-08-30', 1),
(64, 3, 10, 12, '2019-09-10', 1),
(65, 3, 9, 12, '2019-09-19', 1),
(66, 4, 13, 14, '2019-02-28', 1),
(67, 4, 15, 16, '2019-03-19', 1),
(68, 4, 13, 15, '2019-04-04', 1),
(69, 4, 14, 16, '2019-04-23', 1),
(70, 4, 16, 13, '2019-05-10', 1),
(71, 4, 15, 14, '2019-05-26', 1),
(72, 4, 13, 14, '2019-06-12', 1),
(73, 4, 15, 16, '2019-06-28', 1),
(74, 4, 13, 15, '2019-07-16', 1),
(75, 4, 14, 16, '2019-08-02', 1),
(76, 4, 16, 13, '2019-08-20', 1),
(77, 4, 15, 14, '2019-09-06', 1),
(78, 4, 13, 14, '2019-09-24', 1),
(79, 5, 7, 8, '2019-02-25', 1),
(80, 5, 5, 6, '2019-03-14', 1),
(81, 5, 8, 6, '2019-04-01', 1),
(82, 5, 6, 7, '2019-04-19', 1),
(83, 5, 5, 8, '2019-05-07', 1),
(84, 5, 7, 8, '2019-05-25', 1),
(85, 5, 5, 6, '2019-06-12', 1),
(86, 5, 8, 6, '2019-06-30', 1),
(87, 5, 6, 7, '2019-07-18', 1),
(88, 5, 5, 8, '2019-08-05', 1),
(89, 5, 7, 8, '2019-08-23', 1),
(90, 5, 5, 6, '2019-09-10', 1),
(91, 6, 15, 16, '2019-02-28', 1),
(92, 6, 13, 14, '2019-03-19', 1),
(93, 6, 14, 16, '2019-04-04', 1),
(94, 6, 13, 15, '2019-04-23', 1),
(95, 6, 15, 14, '2019-05-10', 1),
(96, 6, 16, 13, '2019-05-26', 1),
(97, 6, 15, 16, '2019-06-12', 1),
(98, 6, 13, 14, '2019-06-28', 1),
(99, 6, 14, 16, '2019-07-16', 1),
(100, 6, 13, 15, '2019-08-02', 1),
(101, 6, 15, 14, '2019-08-20', 1),
(102, 6, 16, 13, '2019-09-06', 1),
(103, 6, 15, 16, '2019-09-24', 1),
(104, 7, 17, 18, '2019-02-25', 1),
(105, 7, 19, 20, '2019-03-12', 1),
(106, 7, 17, 19, '2019-03-28', 1),
(107, 7, 18, 20, '2019-04-10', 1),
(108, 7, 20, 17, '2019-04-22', 1),
(109, 7, 19, 18, '2019-05-06', 1),
(110, 7, 17, 18, '2019-05-21', 1),
(111, 7, 19, 20, '2019-06-06', 1),
(112, 7, 17, 19, '2019-06-17', 1),
(113, 7, 18, 20, '2019-07-01', 1),
(114, 7, 20, 17, '2019-07-16', 1),
(115, 7, 19, 18, '2019-07-29', 1),
(116, 7, 17, 18, '2019-08-12', 1),
(117, 7, 19, 20, '2019-08-24', 1),
(118, 7, 17, 19, '2019-09-05', 1),
(119, 7, 18, 20, '2019-09-18', 1),
(120, 8, 19, 20, '2019-02-25', 1),
(121, 8, 17, 18, '2019-03-12', 1),
(122, 8, 18, 20, '2019-03-28', 1),
(123, 8, 17, 19, '2019-04-10', 1),
(124, 8, 19, 18, '2019-04-22', 1),
(125, 8, 20, 17, '2019-05-06', 1),
(126, 8, 19, 20, '2019-05-21', 1),
(127, 8, 17, 18, '2019-06-06', 1),
(128, 8, 18, 20, '2019-06-17', 1),
(129, 8, 17, 19, '2019-07-01', 1),
(130, 8, 19, 18, '2019-07-16', 1),
(131, 8, 20, 17, '2019-07-29', 1),
(132, 8, 19, 20, '2019-08-12', 1),
(133, 8, 17, 18, '2019-08-24', 1),
(134, 8, 18, 20, '2019-09-05', 1),
(135, 8, 17, 19, '2019-09-18', 1),
(136, 9, 11, 12, '2019-02-26', 1),
(137, 9, 9, 10, '2019-03-06', 1),
(138, 9, 10, 12, '2019-03-15', 1),
(139, 9, 9, 11, '2019-03-25', 1),
(140, 9, 10, 11, '2019-04-02', 1),
(141, 9, 9, 12, '2019-04-13', 1),
(142, 9, 11, 12, '2019-04-24', 1),
(143, 9, 9, 10, '2019-05-03', 1),
(144, 9, 10, 12, '2019-05-13', 1),
(145, 9, 9, 11, '2019-05-23', 1),
(146, 9, 10, 11, '2019-05-31', 1),
(147, 9, 9, 12, '2019-06-11', 1),
(148, 9, 11, 12, '2019-06-20', 1),
(149, 9, 9, 10, '2019-06-29', 1),
(150, 9, 10, 12, '2019-07-07', 1),
(151, 9, 9, 11, '2019-07-16', 1),
(152, 9, 10, 11, '2019-07-25', 1),
(153, 9, 9, 12, '2019-08-01', 1),
(154, 9, 11, 12, '2019-08-12', 1),
(155, 9, 9, 10, '2019-08-21', 1),
(156, 9, 10, 12, '2019-08-30', 1),
(157, 9, 9, 11, '2019-09-10', 1),
(158, 9, 10, 11, '2019-09-19', 1),
(159, 10, 3, 4, '2019-02-26', 1),
(160, 10, 1, 2, '2019-03-04', 1),
(161, 10, 1, 3, '2019-03-09', 1),
(162, 10, 2, 4, '2019-03-15', 1),
(163, 10, 3, 4, '2019-03-21', 1),
(164, 10, 1, 2, '2019-03-27', 1),
(165, 10, 3, 2, '2019-04-03', 1),
(166, 10, 3, 4, '2019-04-08', 1),
(167, 10, 1, 2, '2019-04-18', 1),
(168, 10, 1, 3, '2019-04-23', 1),
(169, 10, 3, 4, '2019-04-29', 1),
(170, 10, 1, 2, '2019-05-03', 1),
(171, 10, 3, 2, '2019-05-13', 1),
(172, 10, 3, 4, '2019-05-23', 1),
(173, 10, 1, 3, '2019-06-02', 1),
(174, 10, 3, 4, '2019-06-13', 1),
(175, 10, 1, 2, '2019-06-18', 1),
(176, 10, 3, 2, '2019-06-29', 1),
(177, 10, 3, 4, '2019-07-04', 1),
(178, 10, 1, 2, '2019-07-10', 1),
(179, 10, 1, 3, '2019-07-20', 1),
(180, 10, 3, 4, '2019-07-31', 1),
(181, 10, 1, 2, '2019-08-07', 1),
(182, 10, 3, 2, '2019-08-16', 1),
(183, 10, 3, 4, '2019-08-22', 1),
(184, 10, 1, 2, '2019-08-27', 1),
(185, 10, 1, 3, '2019-09-01', 1),
(186, 10, 3, 4, '2019-09-12', 1),
(187, 10, 1, 2, '2019-09-17', 1),
(188, 10, 3, 2, '2019-09-27', 1);

-- --------------------------------------------------------

--
-- Table structure for table `productchecklist`
--

CREATE TABLE `productchecklist` (
  `pdkNo` int(11) NOT NULL COMMENT 'PK,FK',
  `eqmNo` int(11) NOT NULL COMMENT 'PK,FK'
) ENGINE=InnoDB DEFAULT CHARSET=utf8;

--
-- Dumping data for table `productchecklist`
--

INSERT INTO `productchecklist` (`pdkNo`, `eqmNo`) VALUES
(1, 1),
(1, 2),
(1, 3),
(1, 4),
(1, 5),
(1, 6),
(1, 7),
(1, 8),
(1, 9),
(1, 10),
(1, 11),
(1, 12),
(1, 13),
(1, 15),
(1, 16),
(1, 17),
(1, 18),
(1, 19),
(1, 20),
(1, 21),
(1, 25),
(1, 26),
(1, 27),
(1, 28),
(1, 29),
(1, 30),
(1, 31),
(1, 32),
(1, 33),
(1, 34),
(1, 35),
(1, 36),
(1, 37),
(2, 1),
(2, 2),
(2, 3),
(2, 4),
(2, 5),
(2, 6),
(2, 7),
(2, 8),
(2, 9),
(2, 10),
(2, 11),
(2, 12),
(2, 13),
(2, 14),
(2, 15),
(2, 16),
(2, 17),
(2, 18),
(2, 19),
(2, 20),
(2, 21),
(2, 22),
(2, 23),
(2, 24),
(2, 25),
(2, 26),
(2, 27),
(2, 28),
(2, 29),
(2, 30),
(2, 31),
(2, 32),
(2, 33),
(2, 34),
(2, 35),
(2, 36),
(2, 37),
(3, 1),
(3, 2),
(3, 3),
(3, 4),
(3, 5),
(3, 6),
(3, 7),
(3, 8),
(3, 9),
(3, 10),
(3, 11),
(3, 12),
(3, 13),
(3, 15),
(3, 16),
(3, 17),
(3, 18),
(3, 19),
(3, 20),
(3, 21),
(3, 25),
(3, 26),
(3, 27),
(3, 28),
(3, 29),
(3, 30),
(3, 31),
(3, 32),
(3, 33),
(3, 34),
(3, 35),
(3, 36),
(3, 37),
(4, 1),
(4, 2),
(4, 3),
(4, 4),
(4, 5),
(4, 6),
(4, 7),
(4, 8),
(4, 9),
(4, 10),
(4, 11),
(4, 12),
(4, 13),
(4, 14),
(4, 15),
(4, 16),
(4, 17),
(4, 18),
(4, 19),
(4, 20),
(4, 21),
(4, 22),
(4, 23),
(4, 24),
(4, 25),
(4, 26),
(4, 27),
(4, 28),
(4, 29),
(4, 30),
(4, 31),
(4, 32),
(4, 33),
(4, 34),
(4, 35),
(4, 36),
(4, 37),
(5, 1),
(5, 2),
(5, 3),
(5, 4),
(5, 5),
(5, 6),
(5, 7),
(5, 8),
(5, 9),
(5, 10),
(5, 11),
(5, 12),
(5, 13),
(5, 15),
(5, 16),
(5, 17),
(5, 18),
(5, 19),
(5, 20),
(5, 21),
(5, 24),
(5, 25),
(5, 26),
(5, 27),
(5, 28),
(5, 29),
(5, 30),
(5, 31),
(5, 32),
(5, 33),
(5, 34),
(5, 35),
(5, 36),
(5, 37),
(6, 1),
(6, 2),
(6, 3),
(6, 4),
(6, 5),
(6, 6),
(6, 7),
(6, 8),
(6, 9),
(6, 10),
(6, 11),
(6, 12),
(6, 13),
(6, 14),
(6, 15),
(6, 16),
(6, 17),
(6, 18),
(6, 19),
(6, 20),
(6, 21),
(6, 22),
(6, 23),
(6, 24),
(6, 25),
(6, 26),
(6, 27),
(6, 28),
(6, 29),
(6, 30),
(6, 31),
(6, 32),
(6, 33),
(6, 34),
(6, 35),
(6, 36),
(6, 37),
(7, 1),
(7, 2),
(7, 3),
(7, 4),
(7, 5),
(7, 6),
(7, 7),
(7, 8),
(7, 9),
(7, 10),
(7, 11),
(7, 12),
(7, 13),
(7, 15),
(7, 16),
(7, 17),
(7, 18),
(7, 19),
(7, 20),
(7, 21),
(7, 25),
(7, 26),
(7, 27),
(7, 28),
(7, 29),
(7, 30),
(7, 31),
(7, 32),
(7, 33),
(7, 34),
(7, 35),
(7, 36),
(7, 37),
(8, 1),
(8, 2),
(8, 3),
(8, 4),
(8, 5),
(8, 6),
(8, 7),
(8, 8),
(8, 9),
(8, 10),
(8, 11),
(8, 12),
(8, 13),
(8, 14),
(8, 15),
(8, 16),
(8, 17),
(8, 18),
(8, 19),
(8, 20),
(8, 21),
(8, 22),
(8, 23),
(8, 24),
(8, 25),
(8, 26),
(8, 27),
(8, 28),
(8, 29),
(8, 30),
(8, 31),
(8, 32),
(8, 33),
(8, 34),
(8, 35),
(8, 36),
(8, 37),
(9, 1),
(9, 2),
(9, 3),
(9, 4),
(9, 5),
(9, 6),
(9, 7),
(9, 8),
(9, 9),
(9, 10),
(9, 11),
(9, 12),
(9, 13),
(9, 14),
(9, 15),
(9, 16),
(9, 17),
(9, 18),
(9, 19),
(9, 20),
(9, 21),
(9, 22),
(9, 23),
(9, 24),
(9, 25),
(9, 26),
(9, 27),
(9, 28),
(9, 29),
(9, 30),
(9, 31),
(9, 32),
(9, 33),
(9, 34),
(9, 35),
(9, 36),
(9, 37),
(10, 1),
(10, 2),
(10, 3),
(10, 4),
(10, 5),
(10, 6),
(10, 7),
(10, 8),
(10, 9),
(10, 10),
(10, 11),
(10, 12),
(10, 13),
(10, 15),
(10, 16),
(10, 17),
(10, 18),
(10, 19),
(10, 20),
(10, 21),
(10, 25),
(10, 26),
(10, 27),
(10, 28),
(10, 29),
(10, 30),
(10, 31),
(10, 32),
(10, 33),
(10, 34),
(10, 35),
(10, 36),
(10, 37);

-- --------------------------------------------------------

--
-- Table structure for table `productkind`
--

CREATE TABLE `productkind` (
  `pdkNo` int(11) NOT NULL COMMENT 'PK/行程種類編號',
  `pdkName` varchar(255) CHARACTER SET utf8 COLLATE utf8_general_ci NOT NULL COMMENT '行程名稱',
  `pdkCont` text CHARACTER SET utf8 COLLATE utf8_general_ci NOT NULL,
  `pdkImg` text CHARACTER SET utf8 COLLATE utf8_general_ci NOT NULL COMMENT '用|隔開 / 行程圖片列表',
  `locationX` varchar(10) CHARACTER SET utf8 COLLATE utf8_general_ci DEFAULT NULL COMMENT '後台coding放一張地圖給管理員點擊，用js 紀錄offset然後寫入資料庫，給日誌總覽地圖使用 / 行程地圖座標',
  `locationY` varchar(10) CHARACTER SET utf8 COLLATE utf8_general_ci DEFAULT NULL,
  `lat` varchar(12) CHARACTER SET utf8 COLLATE utf8_general_ci NOT NULL COMMENT '緯度',
  `lon` varchar(12) CHARACTER SET utf8 COLLATE utf8_general_ci NOT NULL COMMENT '經度',
  `pdkStatus` int(1) NOT NULL COMMENT '0:未上架，1:已上架 /行程種類狀態',
  `level` int(1) NOT NULL COMMENT '1-3',
  `pdkPrice` int(1) NOT NULL,
  `continent` char(1) NOT NULL COMMENT '1:亞洲 2:歐洲 3:非洲 4:大洋洲 5:北美洲 6:南美洲',
  `day` int(11) NOT NULL,
  `mt` varchar(30) CHARACTER SET utf8 COLLATE utf8_general_ci NOT NULL,
  `pdkType` char(1) CHARACTER SET utf8 COLLATE utf8_general_ci NOT NULL COMMENT '1:官方2:客製',
  `priceInfoIn` text CHARACTER SET utf8 COLLATE utf8_general_ci NOT NULL COMMENT '費用資訊包含',
  `priceInfoEx` text CHARACTER SET utf8 COLLATE utf8_general_ci NOT NULL COMMENT '費用資訊不包含'
) ENGINE=InnoDB DEFAULT CHARSET=utf8;

--
-- Dumping data for table `productkind`
--

INSERT INTO `productkind` (`pdkNo`, `pdkName`, `pdkCont`, `pdkImg`, `locationX`, `locationY`, `lat`, `lon`, `pdkStatus`, `level`, `pdkPrice`, `continent`, `day`, `mt`, `pdkType`, `priceInfoIn`, `priceInfoEx`) VALUES
(1, '征服東北亞第一高峰', '一生必挑戰一次東北亞第一高峰-玉山，雪白的雲海中，一座座突出雲面的小島豎立在雲海上，這每一座孤立的小島，代表著一座座高大的山峰，從台灣的頂點玉山用看見不一樣的風景。台灣玉山主峰登山行程以塔塔加登山口為起點，經過孟祿亭、白木林與大峭壁等重要景點，能夠看到不同面貌的台灣玉山群峰，而登頂的過程，也是這趟旅程最具挑戰性的一環，必須穿過陡峭的碎石坡與狹窄的風口，才能抵達台灣玉山主峰頂，感受站上東北亞第一高峰的感動。', '1.jpg|2.jpg|3.jpg|4.jpg|5.jpg', NULL, NULL, '23.469822', '120.958013', 1, 1, 6300, '1', 3, '玉山', '1', '旅遊責任險，意外醫療險，食宿，入山入園代辦費，嚮導費用，挑夫雇用', '個人登山裝備'),
(2, '聖母峰基地營健行15日', '聖母峰，又名珠穆朗瑪峰，是世界各國登山家夢想的起飛點、一生必去朝聖一次的地方。喜馬拉雅群山的巨大身影，那只有冰雪岩的純粹無機性風景，不可思議地安撫人們的心靈。那無機性的風景超越人類的生活經驗，是永恆的存在，一種人類所不能理解的美。從健行途中，你可以感受當地雪巴人的友善，更能享有一場視覺的饗宴：四周被六千米至八千米的高山環繞，以及寬大的谷地以及壯闊的冰河地形。抵達經旗飄揚的EBC時，那份心中的震撼與感動，實是筆墨難容！', '1.jpg|2.jpg|3.jpg|4.jpg|5.jpg', NULL, NULL, '28.003106', '86.852827', 1, 3, 119000, '1', 15, '聖母峰', '1', '旅遊責任險，意外醫療險，食宿，入山入園代辦費，嚮導費用，挑夫雇用，當地交通，往返經濟艙機票，尼泊爾落地簽證費用', '護照費用，個人登山裝備'),
(3, '富士山登山健行5日', '富士山海拔3,776m，是日本的最高峰。山頂常年積雪的美麗姿態，自古傾倒眾生，作為日本的象徵備受景仰與喜愛。日本具代表性的浮世繣大師葛飾北齋，就在其「富嶽三十六景」的畫作中，描繪富士山的丰姿，是不分時代背景，永遠受人們愛戴的日本象徵。此外，富士山的山麓有5個湖，其中之一的河口湖週邊，有許多可以瞻望富士山的觀景點。於2013年列入世界遺產的富士山，請您一定要來近距離地觀賞其美不勝收的丰姿。', '1.jpg|2.jpg|3.jpg|4.jpg|5.jpg', NULL, NULL, '35.362232', '138.727349', 1, 2, 49900, '1', 5, '富士山', '1', '旅遊責任險，意外醫療險，食宿，入山入園代辦費，嚮導費用，當地交通，往返經濟艙機票', '護照費用，個人登山裝備'),
(4, '紐西蘭南北島14日之旅', '位於紐西蘭南島西海岸的阿斯帕林山國家公園，境內有冰川、湖泊、山脈、峽谷、瀑布，可謂蔚為壯觀的美景薈萃之地。這裡還是很多河流的源頭，數條步道作為橋樑串聯起了國家公園裡的各處美景，將冰川、河谷、高山、湖泊相互連接，也讓遊人能夠看遍和走遍這薈萃的自然景觀之地。跨越南阿爾卑斯山的大分水嶺，西側是受雨量充足影響而生長繁茂的山毛櫸森林，轟隆隆的瀑布水聲和清脆的鳥鳴譜寫一曲悠揚的森林之歌。東側有冰河無與倫比的美，在冰川與山谷間遙看壯麗的山脈。', '1.jpg|2.jpg|3.jpg|4.jpg|5.jpg', NULL, NULL, '-44.231927', '168.834139', 1, 2, 174000, '4', 14, '阿斯帕林山', '1', '旅遊責任險，意外醫療險，食宿，入山入園代辦費，嚮導費用，挑夫雇用，當地交通，往返經濟艙機票', '護照費用，個人登山裝備'),
(5, '百內國家公園健行15日', '有「最後的淨土」美喻的巴塔哥尼亞 (Patagonia)，橫跨了智利南部與阿根廷兩國，被國家地理雜誌選為人生最不能錯過的五十個地方之一，當中最著名的是被列為世界自然遺產的百內國家公園 (Torres del Paine) 。\"Paine\"字來自印地安語的「藍色」之意，整個國家公園被湛藍的冰河峽灣和湖泊景觀所環繞而得名。百內三塔山是百內公園的標誌，光禿禿的花崗岩峰顯得特別雄偉壯觀。主峰海拔3,050公尺，山頂終年積雪，景觀非常壯麗。', '1.jpg|2.jpg|3.jpg|4.jpg|5.jpg', NULL, NULL, '-50.942191', '-73.406777', 1, 2, 180000, '6', 15, '百內國家公園', '1', '旅遊責任險，意外醫療險，食宿，入山入園代辦費，嚮導費用，挑夫雇用，當地交通，往返經濟艙機票，智利、阿根廷簽證費用', '護照費用，個人登山裝備'),
(6, '吉力馬札羅山獵遊13日', '位於東非大裂谷以東，被稱為「非洲屋脊」的吉力馬札羅火山，高聳地矗立在坦尚尼亞和肯亞邊界的廣闊草原上。山頂覆蓋著萬年冰川的奇景，直到十九世紀世人才終於相信赤道地區有如此一座雪山。吉力馬札羅火山是最容易攀登的一座七頂峰，有數條難易不等的路線可供選擇。整個健行行程，沿途景觀隨著高度上升，從熱帶雨林、溫帶森林、高山草原，直到高山寒漠和冰雪地區，變化萬千。除了登山行程外，同時安排了四天的野生動物獵遊。', '1.jpg|2.jpg|3.jpg|4.jpg|5.jpg', NULL, NULL, '-3.162901', '37.355541', 1, 3, 169000, '3', 13, '吉力馬札羅山', '1', '旅遊責任險，意外醫療險，食宿，入山入園代辦費，嚮導費用，挑夫雇用，當地交通，往返經濟艙機票，坦尚尼亞落地簽證費用', '護照費用，個人登山裝備'),
(7, '印加傳奇馬丘比丘10天', '馬丘比丘是許多人一生嚮往必訪之地。古印加帝國在崇山峻嶺間建立了一座神聖之城，掩沒在荒煙蔓草中數百年後重見天日，頓時吸引了全世界旅人的目光。我們將重溫印加皇族的步道之旅，沿途欣賞壯麗的安地斯山景，拜訪精彩的印加遺跡，徒步前往這座天空之城。在清晨通過太陽門，赫然看見馬丘比丘就在您的腳下，此情此景終身難忘。本行程除印加古道之外，更精心安排祕魯文明古國的深度之旅，您將驚嘆古印加的文明高度，以及祕魯大地的迷人風采。', '1.jpg|2.jpg|3.jpg|4.jpg|5.jpg', NULL, NULL, '-13.159422', '-72.544952', 1, 2, 148900, '6', 10, '馬丘比丘', '1', '旅遊責任險，意外醫療險，食宿，馬丘比丘門票，嚮導費用，挑夫雇用，當地交通，往返經濟艙機票', '護照費用，個人登山裝備'),
(8, '瑞士少女峰深度健行10日', '瑞士，歐洲公認的健行天堂，是個讓旅人流連忘返的地方。我們會以輕裝的方式深入走訪少女峰山區、馬特洪峰山區、白朗峰山區，欣賞山區日出、夕陽、冰河、山容。少女峰山區猶如其名，好似位披戴著薄紗的美少女，等你揭開面紗一窺其容貌；馬特洪峰山區則像是穿著盔甲的武士，雄赳赳氣昂昂卻又不失其溫柔的一面；白朗峰山區像是爽朗的劍士，瀟灑的等著你來挑戰不同難易的招數。就等你來一銅細細發覺那份屬於瑞士阿爾卑斯山的奇妙風光。', '1.jpg|2.jpg|3.jpg|4.jpg|5.jpg', NULL, NULL, '46.538139', '7.962253', 1, 2, 149000, '2', 10, '少女峰', '1', '旅遊責任險，意外醫療險，食宿，入山入園代辦費，嚮導費用，挑夫雇用，當地交通，往返經濟艙機票', '護照費用，個人登山裝備'),
(9, '瓦斯卡蘭國家公園健行四天三夜', '瓦斯卡蘭國家公園，此國家公園名稱取自秘魯最高峰瓦斯卡蘭山(Huascaran，6768M)，山頂是地球上距離地心第二遠的地點，僅次於厄瓜多的欽博拉索山。有著數不清的高山湖泊，布蘭卡山脈為南美安地斯山脈的一部分，瓦斯卡蘭國家公園在1985年被列入聯合國教科文組織世界遺產之列；綿延壯闊的山勢、令人驚艷的風景，慢慢地為世人所熟知，其中最重要的門戶城市──瓦拉斯（Huaraz），就此成為秘魯北部戶外活動愛好者的天堂。', '1.jpg|2.jpg|3.jpg|4.jpg|5.jpg', NULL, NULL, '-9.146455', '-77.424887', 1, 3, 14000, '6', 4, '瓦斯卡蘭山', '1', '旅遊責任險，意外醫療險，食宿，入山入園代辦費，嚮導費用，挑夫雇用，當地交通，往返經濟艙機票', '護照費用，個人登山裝備'),
(10, '優勝美地國家公園深度遊', '優勝美地國家公園美如其名，是美國西部最美麗、造訪人數最多的國家公園之一，與大峽谷、黃石國家公園齊名。欣賞壯碩美麗的優美景緻，這裡有世上最會唱歌的溪流，有人間仙境之稱的優勝美地國家公園，聯合國已列入世界自然遺產之一。公園內既有四面絕壁的優勝美地山谷，又有充滿高山美景的圖奧勒米草原，風光令人歎為觀止。此外，這裡也是觀察山區野鳥與其他動物的最佳區域。美國國家公園之父約翰．繆爾，如是讚美這座他一生捍衛的國家公園。', '1.jpg|2.jpg|3.jpg|4.jpg|5.jpg ', NULL, NULL, '37.872149', '-119.544166', 1, 1, 24100, '5', 3, '優勝美地國家公園', '1', '旅遊責任險，意外醫療險，食宿，入山入園代辦費，嚮導費用，當地交通，往返經濟艙機票', '護照費用，個人登山裝備');

-- --------------------------------------------------------

--
-- Table structure for table `producttag`
--

CREATE TABLE `producttag` (
  `pdkNo` int(11) NOT NULL COMMENT 'PK,FK',
  `tagNo` int(11) NOT NULL COMMENT 'PK,FK'
) ENGINE=InnoDB DEFAULT CHARSET=utf8;

--
-- Dumping data for table `producttag`
--

INSERT INTO `producttag` (`pdkNo`, `tagNo`) VALUES
(1, 1),
(1, 2),
(1, 3),
(1, 7),
(1, 11),
(2, 1),
(2, 2),
(2, 3),
(2, 7),
(2, 12),
(3, 1),
(3, 2),
(3, 3),
(3, 7),
(3, 13),
(4, 1),
(4, 2),
(4, 3),
(4, 4),
(4, 9),
(4, 14),
(5, 1),
(5, 2),
(5, 3),
(5, 4),
(5, 6),
(5, 15),
(6, 1),
(6, 3),
(6, 10),
(6, 16),
(7, 3),
(7, 4),
(7, 6),
(7, 17),
(8, 1),
(8, 2),
(8, 3),
(8, 4),
(8, 8),
(8, 18),
(9, 1),
(9, 2),
(9, 3),
(9, 6),
(9, 19),
(10, 1),
(10, 2),
(10, 3),
(10, 4),
(10, 5),
(10, 20);

-- --------------------------------------------------------

--
-- Table structure for table `report`
--

CREATE TABLE `report` (
  `rptNo` int(11) NOT NULL,
  `jnNo` int(11) NOT NULL COMMENT 'FK',
  `memNo` int(11) NOT NULL COMMENT 'FK',
  `reason` varchar(255) NOT NULL,
  `rptDate` date NOT NULL,
  `result` tinyint(1) NOT NULL COMMENT '0:屏蔽 1:不屏蔽'
) ENGINE=InnoDB DEFAULT CHARSET=utf8;

--
-- Dumping data for table `report`
--

INSERT INTO `report` (`rptNo`, `jnNo`, `memNo`, `reason`, `rptDate`, `result`) VALUES
(1, 20, 1, '我討厭這個作者', '2019-02-08', 0),
(2, 20, 2, '寫這篇的人之前國小霸凌我', '2019-02-09', 0),
(3, 20, 3, '我看不懂他在寫什麼', '2019-02-09', 0),
(4, 21, 4, '文章裡面有不雅的字眼', '2019-02-10', 1),
(5, 21, 1, '裡面有髒話', '2019-02-11', 1),
(6, 21, 3, '裡面有粗話', '2019-02-11', 1),
(7, 21, 2, '裡面有三字經', '2019-02-12', 1),
(8, 21, 4, '文章裏面有不雅的字眼', '2019-02-12', 1),
(9, 21, 5, '裡面有髒話!!', '2019-02-13', 1),
(10, 21, 6, '裡面有人在問候媽媽', '2019-02-14', 1);

-- --------------------------------------------------------

--
-- Table structure for table `robot`
--

CREATE TABLE `robot` (
  `qsNo` int(11) NOT NULL COMMENT 'PK Auto Increment',
  `defaultQ` varchar(30) CHARACTER SET utf8 COLLATE utf8_general_ci NOT NULL,
  `ans1` varchar(100) CHARACTER SET utf8 COLLATE utf8_general_ci NOT NULL,
  `ans2` varchar(100) CHARACTER SET utf8 COLLATE utf8_general_ci DEFAULT NULL,
  `ans3` varchar(100) CHARACTER SET utf8 COLLATE utf8_general_ci DEFAULT NULL,
  `ans4` varchar(100) CHARACTER SET utf8 COLLATE utf8_general_ci DEFAULT NULL,
  `qsOrd` char(1) CHARACTER SET utf8 COLLATE utf8_general_ci NOT NULL
) ENGINE=InnoDB DEFAULT CHARSET=utf8;

--
-- Dumping data for table `robot`
--

INSERT INTO `robot` (`qsNo`, `defaultQ`, `ans1`, `ans2`, `ans3`, `ans4`, `qsOrd`) VALUES
(1, '大洋洲', '大洋洲我們有阿斯帕林山', NULL, NULL, NULL, '3'),
(2, '歐洲', '歐洲我們有阿爾卑斯山', NULL, NULL, NULL, '2'),
(3, '亞洲', '亞洲我們推薦日本富士山', '亞洲我們推薦喜馬拉雅山', '亞洲我們推薦珠穆朗瑪峰', '亞洲我們推薦台灣的玉山', '1'),
(4, '北美洲', '北美洲我們有優勝美地', NULL, NULL, NULL, '4'),
(5, '南美洲', '南美洲我們推薦百內國家公園聖克魯斯山', '南美洲我們推薦馬丘比丘', '南美洲我們推薦聖克魯斯山', NULL, '5'),
(6, '非洲', '非洲我們有吉力馬札羅山', NULL, NULL, NULL, '6'),
(7, '行程', '你想自行規劃還是官方行程呢?', '你想要去哪一個洲的山呢', '有找到想去的景點嗎？', NULL, ''),
(8, '自行', '你有想去的地方嗎?我們有6大洲可以選擇', '自訂行程我們推薦玉山', '自訂行程我們推薦富士山', NULL, ''),
(9, '官方', '你有看到中意的行程嗎', '有想去的景點嗎？', '可以參考我們的行程頁面', NULL, ''),
(10, '其他回答', '可以說的更詳細一點嗎?或者參考下面標籤', '咩～～', '我只是隻羊我什麼都不知道', '怎麼會問羊這種問題呢？', '');

-- --------------------------------------------------------

--
-- Table structure for table `scenery`
--

CREATE TABLE `scenery` (
  `scnNo` int(11) NOT NULL,
  `scnImg` varchar(255) NOT NULL,
  `scnTitle` varchar(255) NOT NULL,
  `scnCont` text NOT NULL,
  `iconList` text NOT NULL COMMENT '用｜隔開',
  `scnPrice` int(11) NOT NULL
) ENGINE=InnoDB DEFAULT CHARSET=utf8;

--
-- Dumping data for table `scenery`
--

INSERT INTO `scenery` (`scnNo`, `scnImg`, `scnTitle`, `scnCont`, `iconList`, `scnPrice`) VALUES
(1, '1.jpg', '西峰觀景台', '位於玉山西峰的觀景台，可以一覽玉山主峰及小南山，是登玉山的必經景點之一。', 'fa-campground|restaurant', 1000),
(2, '2.jpg', '排雲山莊', '此處可見雲海、夕陽、晚霞等特殊景緻，為登玉山群峰之重要據點。此處原有木造山莊為日治時代(1943年)所建，做為日警駐在所。光復後警察駐在所撤銷民國56年，林務局重建排雲山莊為磚造平房，約可供60名登山者歇宿，駐有管理員管理。', 'fa-campground|restaurant', 3200),
(3, '3.jpg', '塔塔加', '塔塔加(TATAKA)鄒族原住民語言，意為寬闊、平台草原的地方。是新中橫公路最高點，塔塔加地區，向東可眺望玉山主、連峰之高山景觀，往西隔神木溪與祝山、塔山山脈相望，清晨、傍晚在山壑間常有雲海、山嵐形成，在入冬之際，附近山區台灣紅榨槭變紅時，楓紅景色在翠綠森林中，在春分清晨季節，山間林中盛開的森氏杜鵑白裡帶紅的花朵為大地添粧了彩衣。在塔塔加遊憩區有開闢步道系統、設置遊客服務中心、配合解說員、各項牌示，讓遊客享受一趟有意義的國家公園生態之旅。 ', 'fa-tint|restaurant', 2100),
(4, '1.jpg', '珠峰大本營', '珠峰大本營是個以藏棚圍成的一個基地，有電沒水，許多登山客會在此地住宿，環境艱困建議提前吃預防高山症藥物。這裡還有世界最高的郵局，可以寄明信片給未來的自己，回憶感動的一刻。', 'fa-campground|fa-tint|restaurant', 45000),
(5, '2.jpg', '絨布寺', '世界最高的寺廟，為登山客進入北坡的登山路線之一。', 'fa-campground|fa-tint|restaurant', 30000),
(6, '3.jpg', '珠峰觀景台', '珠峰觀景台位於日喀則定日縣珠峰路22公里處，這是到珠峰大本營的必經之路。彎彎曲曲的盤山道有102公里，全為土石路，駕車需3-4小時到大本營。觀景台在這條路的22公里處，海拔達5200米。從這裏向南瞭望，可見珠峰等諸座高達8000米雪山。', 'fa-tint|restaurant', 44000),
(7, '1.jpg', '淺間大社奧宮', '矗立在富士山山頂的淺間大社奧宮，來到富士山山頂一定要來參拜一下，來求點好運跟平安，以及最重要的是可以帶著金剛杖來到淺間大社奧社，烙印上「御朱印」，這樣金剛杖的收集才算圓滿。', 'fa-tint|restaurant', 20000),
(8, '2.jpg', '吉田口小御嶽神社', '選擇吉田口路線的朋友，建議可以先來到登山口前的小御嶽神社來參拜，祈求爬山安全！也可以祈求家運、長壽、戀愛運、交通平安（這都是小御嶽神社專門的），更重要的是御守是獨有的富士山圖樣，很可愛也很有紀念的意義。', 'fa-tint|restaurant', 15000),
(9, '3.jpg', '富士五合目', '富士五合目也是富士山最熱門的登山口，因為從河口湖就有巴士可以直達五合目，加上又有郵局、神社、販賣處等實用的設施，許多登山客都會從這開始挑戰富士山。', 'hotel|fa-tint|restaurant', 14900),
(10, '1.jpg', '瓦納卡孤樹', '瓦納卡孤樹是瓦納卡湖的著名地標，因為四季的景色變化而被譽為全球最美樹之一，同時也有許多攝影愛好者慕名前來。', 'fa-tint|restaurant', 50000),
(11, '2.jpg', '瓦納卡湖', '瓦納卡湖是紐西蘭的四大湖泊之一，因湖面的多樣色澤及其倒映的艾斯帕林山而形成的自然美景，使其成為景點之一。', 'fa-tint|restaurant', 60000),
(12, '3.jpg', '瓦納卡', '湖畔小鎮瓦納卡位於新西蘭南島，是休閒度假，家庭娛樂的絕佳選擇。這裡有非常多的咖啡館、餐館和趣味商店。同時也是觀光飛行或跳傘的景點。冬天更是擠滿了滑雪運動愛好者。同時瓦納卡也是徒步旅行或登阿斯怕林山國家公園的方便基地。', 'hotel|fa-tint|restaurant', 64000),
(13, '1.jpg', '百內三塔', '百內三塔步道總長9公里，是百內國家公園內最具指標性的景點，同時也是難度最高的一段路 如果從最山腳下的出發，當天來回最少都需要8小時。', 'fa-campground|fa-tint|restaurant', 70000),
(14, '2.jpg', '格雷冰川', '格雷冰川是百內國家公園裡最大的冰川之一，整個冰川寬6公里，高達30多米，無比壯觀。同時當冰川斷裂的大量碎冰落入湖中的過程更是一大看點。', 'fa-tint|restaurant', 55000),
(15, '3.jpg', '薩米恩托湖', '薩米恩托湖不同於其他公園內的冰川湖泊，薩米恩托的湖水是源自於雨水，湖中的鈣沉積物使其具有獨特的白銀色澤。', 'fa-tint|restaurant', 55000),
(16, '1.jpg', '莫希', '莫希位於非洲第一高峰吉力馬札羅山的山腳下，是吉力馬札羅區的首府，是坦尚尼亞主要咖啡種植區之一，和阿魯沙的喧鬧紊亂比起，莫希顯得寧靜不少，治安也不錯，物價比起阿魯沙便宜。', 'fa-tint|restaurant', 55000),
(17, '2.jpg', '塞倫蓋地國家公園', '塞倫蓋提國家公園是坦尚尼亞的一座大型國家公園，位於塞倫蓋提地區，因每年都會出現超過150萬隻牛羚和約25萬隻斑馬的大規模遷徙而聞名。', 'hotel|fa-tint|restaurant', 60000),
(18, '3.jpg', '恩格龍格魯國家公園', '恩格龍格魯火山口直徑長達23公里，火山口峭壁高達610公尺，面積265平方公里，有\"天然動物園\"及\"世界第八大奇景\"美稱。搭乘四輪傳動吉普車，下坡，開到2000英尺深的火山口底部，追蹤角馬羚、斑馬、羚羊、犀牛、獅子。', 'fa-tint|restaurant', 54000),
(19, '1.jpg', '歐雁台', '歐雁台本身仍是個很有味道的小鎮。位於一個山谷中，小鎮的佈局跟印加時期的城市佈局相似。印加人修建房屋之前都會向Pancha Mama大地母親祈福，這些小雕像代表了大地目前的祝福。 ', 'hotel|fa-tint|restaurant', 50900),
(20, '2.jpg', '烏魯班巴', '位於庫斯科和馬丘比丘間的小鎮，以其印加遺址像古羅馬圓形劇場般的巨大梯田Moray聞名。', 'fa-tint|restaurant', 50000),
(21, '3.jpg', '薩克塞瓦曼', '位於武器廣場北部的一座小山上，被認為是馬丘比丘外最大最壯觀的印加遺址。薩克塞瓦曼在庫斯科歷史上幾次大的地震較好的保存了下來。現在遊客們看到的石陣是它在鼎盛時期面積的20%。今天薩克塞瓦曼不僅是到庫斯科的遊客必遊的一個景點，每年6月底盛大的太陽節慶典Inti Raymi的重頭表演在這裡舉行。', 'hotel|fa-tint|restaurant', 2000),
(22, '1.jpg', '斯芬克斯觀景平台', '斯芬克斯海拔3571米，當中設有被暱稱爲「歐洲之巔」(Top of Europe)的歐洲海拔最高的火車站。一條特意爲悠然漫步而設的小徑，從少女峰山坳通向僧侶峰山坳的高山小屋，全程1.5小時，具體時間視乎天氣狀况而定。', 'fa-campground|fa-tint|restaurant', 60000),
(23, '2.jpg', '格林德瓦', '河谷中的格林德瓦是一個溫馨的綠色山谷，四週是艾格峰北麓和韋特霍恩的雄偉壯麗山景，也是少女峰地區最大的滑雪勝地。', 'hotel|fa-tint|restaurant', 40000),
(24, '3.jpg', '阿雷奇冰河', '從少女峰一直延伸到阿雷奇地區，長23.3公里、寬800米，是歐亞大陸最大最長的冰河，也是世界遺產，除了壯麗的景觀，更提供了多樣動植物棲息生態。看似靜止不動的冰川,每年仍以3公尺的速度向下鑿切。', 'fa-tint|restaurant', 49000),
(25, '1.jpg', '69湖', '69湖宛如藍寶石般透明閃耀的冰河湖在眼前出現，抬頭一望就是6000公尺以上的冰雪山頭，還有荒涼的碎石山壁上嘩啦啦垂流的瀑布。', 'fa-tint|restaurant', 4500),
(26, '2.jpg', '邱魯普湖', '自3800米高的登山口一路到4450米處，沿途都是壯闊景色，可眺望黑山山脈。這裡只有一條清楚向上的路線，不會迷路且容易行走，只有最後到達瀑布後向上的陡坡需要手腳並用，瀑布左右兩邊都有路線可爬。', 'fa-tint|restaurant', 3500),
(27, '3.jpg', '帕斯托魯尼冰河', '帕斯托魯尼冰川位在瓦斯卡蘭國家公園境內南側，是全世界緯度最低的冰河，到達冰河前須走上約30至40分鐘的一段路，因為海拔高，隨便走走都要比平地行走困難許多，因此這裡也有驢子供遊客自費搭乘。', 'fa-tint|restaurant', 6000),
(28, '1.jpg', '優勝美地瀑布', '優勝美地瀑布在不同的時節來看都會有不同地風情。但最佳觀賞時間，屬於白雪剛剛融化的春季。山上積雪融化，沿著優勝美地的石壁噴出宣洩，造就優勝美地中一重又一重的美麗瀑布，也成為優勝美地國家公園中最大的賣點之一。', 'fa-tint|restaurant', 10000),
(29, '2.jpg', '隧道觀景點', '優勝美地峽谷以西的壯觀景緻(須開車，園區巴士不會到達)，可看到酋長石、白紗瀑布、和半圓丘，同時也是看到優勝美地全景的最佳地點之一。', 'fa-tint|restaurant', 6000),
(30, '3.jpg', '冰川峰頂', '優勝美地裡最壯觀的景點之一，可一覽優勝美地瀑布、優勝美地峽谷、和著名的半圓丘。可開車、搭乘付費專車上去、或是爬山爬上去。', 'fa-tint|restaurant', 8100);

-- --------------------------------------------------------

--
-- Table structure for table `scenerylist`
--

CREATE TABLE `scenerylist` (
  `pdkNo` int(11) NOT NULL COMMENT '行程種類編號',
  `scnNo` int(11) NOT NULL COMMENT '景點編號',
  `scnOrd` varchar(2) DEFAULT NULL COMMENT '0:沒被列入'
) ENGINE=InnoDB DEFAULT CHARSET=utf8;

--
-- Dumping data for table `scenerylist`
--

INSERT INTO `scenerylist` (`pdkNo`, `scnNo`, `scnOrd`) VALUES
(1, 1, '2'),
(1, 2, '3'),
(1, 3, '1'),
(2, 4, '3'),
(2, 5, '1'),
(2, 6, '2'),
(3, 7, '3'),
(3, 8, '2'),
(3, 9, '1'),
(4, 10, '2'),
(4, 11, '3'),
(4, 12, '1'),
(5, 13, '3'),
(5, 14, '2'),
(5, 15, '1'),
(6, 16, '1'),
(6, 17, '3'),
(6, 18, '2'),
(7, 19, '3'),
(7, 20, '2'),
(7, 21, '1'),
(8, 22, '2'),
(8, 23, '1'),
(8, 24, '3'),
(9, 25, '1'),
(9, 26, '2'),
(9, 27, '3'),
(10, 28, '2'),
(10, 29, '1'),
(10, 30, '3');

-- --------------------------------------------------------

--
-- Table structure for table `tag`
--

CREATE TABLE `tag` (
  `tagNo` int(11) NOT NULL,
  `tagName` varchar(30) CHARACTER SET utf8 COLLATE utf8_general_ci NOT NULL
) ENGINE=InnoDB DEFAULT CHARSET=utf8;

--
-- Dumping data for table `tag`
--

INSERT INTO `tag` (`tagNo`, `tagName`) VALUES
(1, '雪山'),
(2, '湖泊'),
(3, '星空'),
(4, '峽谷'),
(5, '北美洲'),
(6, '南美洲'),
(7, '亞洲'),
(8, '歐洲'),
(9, '大洋洲'),
(10, '非洲'),
(11, '玉山'),
(12, '聖母峰'),
(13, '富士山'),
(14, '阿斯帕林'),
(15, '百內國家公園'),
(16, '吉力馬札羅'),
(17, '馬丘比丘'),
(18, '少女峰'),
(19, '瓦斯卡蘭'),
(20, '優勝美地國家公園');

--
-- Indexes for dumped tables
--

--
-- Indexes for table `admin`
--
ALTER TABLE `admin`
  ADD PRIMARY KEY (`admNo`);

--
-- Indexes for table `collection`
--
ALTER TABLE `collection`
  ADD PRIMARY KEY (`collectNo`);

--
-- Indexes for table `equipment`
--
ALTER TABLE `equipment`
  ADD PRIMARY KEY (`eqmNo`);

--
-- Indexes for table `guide`
--
ALTER TABLE `guide`
  ADD PRIMARY KEY (`gdNo`);

--
-- Indexes for table `journal`
--
ALTER TABLE `journal`
  ADD PRIMARY KEY (`jnNo`);

--
-- Indexes for table `member`
--
ALTER TABLE `member`
  ADD PRIMARY KEY (`memNo`);

--
-- Indexes for table `order`
--
ALTER TABLE `order`
  ADD PRIMARY KEY (`ordNo`);

--
-- Indexes for table `orderchecklist`
--
ALTER TABLE `orderchecklist`
  ADD PRIMARY KEY (`ordNo`,`eqmNo`);

--
-- Indexes for table `passenger`
--
ALTER TABLE `passenger`
  ADD PRIMARY KEY (`ordNo`,`psgId`);

--
-- Indexes for table `product`
--
ALTER TABLE `product`
  ADD PRIMARY KEY (`pdNo`);

--
-- Indexes for table `productchecklist`
--
ALTER TABLE `productchecklist`
  ADD PRIMARY KEY (`pdkNo`,`eqmNo`);

--
-- Indexes for table `productkind`
--
ALTER TABLE `productkind`
  ADD PRIMARY KEY (`pdkNo`);

--
-- Indexes for table `producttag`
--
ALTER TABLE `producttag`
  ADD PRIMARY KEY (`pdkNo`,`tagNo`);

--
-- Indexes for table `report`
--
ALTER TABLE `report`
  ADD PRIMARY KEY (`rptNo`);

--
-- Indexes for table `robot`
--
ALTER TABLE `robot`
  ADD PRIMARY KEY (`qsNo`);

--
-- Indexes for table `scenery`
--
ALTER TABLE `scenery`
  ADD PRIMARY KEY (`scnNo`);

--
-- Indexes for table `scenerylist`
--
ALTER TABLE `scenerylist`
  ADD PRIMARY KEY (`pdkNo`,`scnNo`),
  ADD UNIQUE KEY `scnNo` (`scnNo`);

--
-- Indexes for table `tag`
--
ALTER TABLE `tag`
  ADD PRIMARY KEY (`tagNo`),
  ADD KEY `tagNo` (`tagNo`,`tagName`),
  ADD KEY `tagNo_2` (`tagNo`,`tagName`);

--
-- AUTO_INCREMENT for dumped tables
--

--
-- AUTO_INCREMENT for table `admin`
--
ALTER TABLE `admin`
  MODIFY `admNo` int(11) NOT NULL AUTO_INCREMENT, AUTO_INCREMENT=9;

--
-- AUTO_INCREMENT for table `collection`
--
ALTER TABLE `collection`
  MODIFY `collectNo` int(11) NOT NULL AUTO_INCREMENT, AUTO_INCREMENT=51;

--
-- AUTO_INCREMENT for table `equipment`
--
ALTER TABLE `equipment`
  MODIFY `eqmNo` int(11) NOT NULL AUTO_INCREMENT, AUTO_INCREMENT=38;

--
-- AUTO_INCREMENT for table `guide`
--
ALTER TABLE `guide`
  MODIFY `gdNo` int(11) NOT NULL AUTO_INCREMENT COMMENT '嚮導編號', AUTO_INCREMENT=26;

--
-- AUTO_INCREMENT for table `journal`
--
ALTER TABLE `journal`
  MODIFY `jnNo` int(11) NOT NULL AUTO_INCREMENT, AUTO_INCREMENT=39;

--
-- AUTO_INCREMENT for table `member`
--
ALTER TABLE `member`
  MODIFY `memNo` int(11) NOT NULL AUTO_INCREMENT, AUTO_INCREMENT=9;

--
-- AUTO_INCREMENT for table `order`
--
ALTER TABLE `order`
  MODIFY `ordNo` int(11) NOT NULL AUTO_INCREMENT COMMENT '訂單編號', AUTO_INCREMENT=15;

--
-- AUTO_INCREMENT for table `product`
--
ALTER TABLE `product`
  MODIFY `pdNo` int(11) NOT NULL AUTO_INCREMENT, AUTO_INCREMENT=189;

--
-- AUTO_INCREMENT for table `productkind`
--
ALTER TABLE `productkind`
  MODIFY `pdkNo` int(11) NOT NULL AUTO_INCREMENT COMMENT 'PK/行程種類編號', AUTO_INCREMENT=11;

--
-- AUTO_INCREMENT for table `report`
--
ALTER TABLE `report`
  MODIFY `rptNo` int(11) NOT NULL AUTO_INCREMENT, AUTO_INCREMENT=11;

--
-- AUTO_INCREMENT for table `robot`
--
ALTER TABLE `robot`
  MODIFY `qsNo` int(11) NOT NULL AUTO_INCREMENT COMMENT 'PK Auto Increment', AUTO_INCREMENT=11;

--
-- AUTO_INCREMENT for table `scenery`
--
ALTER TABLE `scenery`
  MODIFY `scnNo` int(11) NOT NULL AUTO_INCREMENT, AUTO_INCREMENT=31;

--
-- AUTO_INCREMENT for table `tag`
--
ALTER TABLE `tag`
  MODIFY `tagNo` int(11) NOT NULL AUTO_INCREMENT, AUTO_INCREMENT=21;

--
-- Constraints for dumped tables
--

--
-- Constraints for table `passenger`
--
ALTER TABLE `passenger`
  ADD CONSTRAINT `passenger_ibfk_1` FOREIGN KEY (`ordNo`) REFERENCES `order` (`ordno`);
COMMIT;

/*!40101 SET CHARACTER_SET_CLIENT=@OLD_CHARACTER_SET_CLIENT */;
/*!40101 SET CHARACTER_SET_RESULTS=@OLD_CHARACTER_SET_RESULTS */;
/*!40101 SET COLLATION_CONNECTION=@OLD_COLLATION_CONNECTION */;
