-- phpMyAdmin SQL Dump
-- version 4.8.3
-- https://www.phpmyadmin.net/
--
-- Host: localhost:3306
-- Generation Time: Feb 14, 2019 at 04:04 PM
-- Server version: 5.7.23
-- PHP Version: 7.2.10

SET SQL_MODE = "NO_AUTO_VALUE_ON_ZERO";
SET time_zone = "+00:00";

--
-- Database: `cd105g3`
--

-- --------------------------------------------------------

--
-- Table structure for table `equipment`
--

CREATE TABLE `equipment` (
  `eqmNo` int(11) NOT NULL,
  `eqmName` varchar(30) NOT NULL,
  `eqmKind` varchar(30) NOT NULL,
  `eqmImg` varchar(255) DEFAULT NULL
) ENGINE=InnoDB DEFAULT CHARSET=utf8;

--
-- Dumping data for table `equipment`
--

INSERT INTO `equipment` (`eqmNo`, `eqmName`, `eqmKind`, `eqmImg`) VALUES
(1, '帳篷', '寢具類', NULL),
(2, '睡袋外套', '寢具類', NULL),
(3, '睡袋內套', '寢具類', NULL),
(4, '露宿袋', '寢具類', NULL),
(5, '保暖睡墊', '寢具類', NULL),
(6, '急救求生用品', '醫療類', NULL),
(7, '個人藥品', '醫療類', NULL),
(8, '防蚊液', '醫療類', NULL),
(9, '高山藥', '醫療', NULL),
(10, '防曬油', '醫療類', NULL),
(11, '防風衣', '衣物類', NULL),
(12, '保暖衣', '衣物類', NULL),
(13, '雨衣', '衣物類', NULL),
(14, '保暖手套', '衣物類', NULL),
(15, '遮陽帽', '衣物類', NULL),
(16, '保暖帽', '衣物類', NULL),
(17, '登山杖', '配件類', NULL),
(18, '登山鞋', '配件類', NULL),
(19, '登山襪', '配件類', NULL),
(20, '頭燈', '配件類', NULL),
(21, '指北針', '配件類', NULL),
(22, '扣繩', '配件類', NULL),
(23, '冰爪', '配件類', NULL),
(24, '防水袋', '配件類', NULL),
(25, '望遠鏡', '配件類', NULL),
(26, '爐子(汽化爐、瓦斯爐)', '炊具類', NULL),
(27, '爐子燃料', '炊具類', NULL),
(28, '保溫壺', '炊具類', NULL),
(29, '套鍋組', '炊具類', NULL),
(30, '擋風板', '炊具類', NULL),
(31, '打火機', '炊具類', NULL),
(32, '行動乾糧', '食品類', NULL),
(33, '乾燥食品', '食品類', NULL),
(34, '高熱量口糧', '食品類', NULL),
(35, '綜合維他命', '食品類', NULL),
(36, '濾水器', '食品類', NULL),
(37, '調味品', '食品類', NULL);

-- --------------------------------------------------------

--
-- Table structure for table `guide`
--

CREATE TABLE `guide` (
  `gdNo` int(11) NOT NULL COMMENT '嚮導編號',
  `gdImg` varchar(255) CHARACTER SET utf8 NOT NULL COMMENT '嚮導頭像(路徑)',
  `gdName` varchar(30) CHARACTER SET utf8 NOT NULL COMMENT '嚮導姓名',
  `gdId` char(10) CHARACTER SET utf8 NOT NULL COMMENT '嚮導身分證字號',
  `gdTel` varchar(15) CHARACTER SET utf8 NOT NULL COMMENT '嚮導電話',
  `skill` text CHARACTER SET utf8 NOT NULL COMMENT '嚮導專長(用｜隔開)',
  `hp` int(11) NOT NULL COMMENT '體能表現(值為0~60)',
  `exp` int(11) NOT NULL COMMENT '帶團經驗(值為0~60)',
  `survival` int(11) NOT NULL COMMENT '求生能力(值為0~60)',
  `strain` int(11) NOT NULL COMMENT '應變能力(值為0~60)',
  `yds` int(11) NOT NULL COMMENT 'YDS等級(值為0~60)',
  `gdStatus` tinyint(1) NOT NULL COMMENT '嚮導狀態'
) ENGINE=InnoDB DEFAULT CHARSET=latin1;

--
-- Dumping data for table `guide`
--

INSERT INTO `guide` (`gdNo`, `gdImg`, `gdName`, `gdId`, `gdTel`, `skill`, `hp`, `exp`, `survival`, `strain`, `yds`, `gdStatus`) VALUES
(1, '1.jpg', 'Hash', 'A123456789', '0912345678', '熟悉地質的探勘、地層的結構、擅長高山百岳健行、中級山探勘、高海拔遠征、攀岩極冰攀略有涉獵、精通登山野外求生技巧。', 40, 50, 55, 60, 59, 1),
(2, '2.jpg\r\n', 'Edison', 'A123456790', '0912345679', '熟悉地質的探勘、擅長高山百岳健行、中級山探勘、攀岩極冰攀略有涉獵、精通登山野外求生技巧。', 48, 58, 59, 56, 50, 1),
(3, '3.jpg\r\n', 'Roy', 'A123456791', '0912345680', '熟悉地質的探勘、高海拔遠征、攀岩極冰攀略有涉獵、精通登山野外求生技巧。', 58, 56, 53, 58, 55, 1),
(4, '4.jpg\r\n', 'James', 'A123456792', '0912345681', '攀岩甲級、熟悉地質的探勘、地層的結構、擅長高山百岳健行、中級山探勘、高海拔遠征、攀岩極冰攀略有涉獵、精通登山野外求生技巧。', 56, 53, 58, 59, 56, 1),
(5, '5.jpg\r\n', 'Anne', 'A123456793', '0912345682', '攀岩甲級、高海拔遠征、攀岩極冰攀略有涉獵、精通登山野外求生技巧。', 47, 57, 56, 53, 58, 1),
(6, '6.jpg\r\n', 'Victor', 'A123456794', '0912345683', '攀岩甲級、熟悉地質的探勘、地層的結構、擅長高山百岳健行、中級山探勘、高海拔遠征、攀岩極冰攀略有涉獵、精通登山野外求生技巧。', 50, 53, 40, 50, 57, 1),
(7, '7.jpg', 'Alex', 'A123456795', '0912345684', '中級山探勘、高海拔遠征、攀岩極冰攀略有涉獵、精通登山野外求生技巧。', 56, 58, 48, 58, 53, 1),
(8, '8.jpg', 'Ben', 'A123456796', '0912345685', '攀岩甲級、熟悉地質的探勘、地層的結構、擅長高山百岳健行、中級山探勘。', 53, 50, 58, 56, 40, 1),
(9, '9.jpg\r\n', 'Dowson', 'A123456797', '0912345686', '攀岩甲級、中級山探勘、高海拔遠征、攀岩極冰攀略有涉獵、精通登山野外求生技巧。', 57, 58, 56, 53, 48, 1),
(10, '10.jpg\r\n', 'Watson', 'A123456798', '0912345687', '攀岩甲級、熟悉地質的探勘、攀岩極冰攀略有涉獵、精通登山野外求生技巧。', 59, 56, 53, 57, 58, 1),
(11, '11.jpg', 'Jared', 'B123456789', '0912345668', '熟悉地質的探勘、地層的結構、擅長高山百岳健行、中級山探勘。', 43, 52, 57, 58, 55, 1),
(12, '12.jpg\r\n', 'Hall', 'B123456790', '0912345669', '熟悉地質的探勘、中級山探勘、高海拔遠征、攀岩極冰攀略有涉獵、精通登山野外求生技巧。', 58, 48, 57, 46, 55, 1),
(13, '13.jpg\r\n', 'Isaiah', 'B123456791', '0912345660', '熟悉地質的探勘、地層的結構、擅長高山百岳健行、中級山探勘、攀岩極冰攀略有涉獵、精通登山野外求生技巧。', 57, 55, 59, 59, 60, 1),
(14, '14.jpg\r\n', 'Sean', 'B123456792', '0912345661', '攀岩甲級、熟悉地質的探勘、地層的結構、擅長高山百岳健行、中級山探勘。', 55, 54, 53, 52, 51, 1),
(15, '15.jpg\r\n', 'Blake', 'B123456793', '0912345662', '攀岩甲級、熟悉地質的探勘、擅長高山百岳健行、中級山探勘、高海拔遠征、攀岩極冰攀略有涉獵、精通登山野外求生技巧。', 49, 47, 60, 60, 59, 1),
(16, '16.jpg\r\n', 'Luke', 'B123456794', '0912345663', '地層的結構、擅長高山百岳健行、中級山探勘、高海拔遠征、攀岩極冰攀略有涉獵、精通登山野外求生技巧。', 56, 57, 60, 40, 57, 1),
(17, '17.jpg', 'Austin', 'B123456795', '0912345664', '攀岩甲級、熟悉地質的探勘、地層的結構、擅長高山百岳健行、高海拔遠征、攀岩極冰攀略有涉獵、精通登山野外求生技巧。', 56, 58, 60, 58, 53, 1),
(18, '18.jpg', 'Nathaniel', 'B123456796', '0912345665', '攀岩甲級、擅長高山百岳健行、中級山探勘、高海拔遠征、攀岩極冰攀略有涉獵、精通登山野外求生技巧。', 53, 50, 58, 57, 40, 1),
(19, '19.jpg\r\n', 'Tony', 'B123456797', '0912345666', '攀岩甲級、熟悉地質的探勘、地層的結構、擅長高山百岳健行、中級山探勘、高海拔遠征、攀岩極冰攀略有涉獵。', 57, 60, 56, 53, 58, 1),
(20, '20.jpg\r\n', 'Bryan', 'B123456798', '0912345667', '地層的結構、擅長高山百岳健行、高海拔遠征、攀岩極冰攀略有涉獵、精通登山野外求生技巧。', 55, 46, 53, 58, 59, 1),
(21, '21.jpg\r\n', 'Carlos', 'C123456794', '0912343213', '攀岩甲級、熟悉地質的探勘、高海拔遠征、攀岩極冰攀略有涉獵、精通登山野外求生技巧。', 56, 57, 60, 40, 57, 1),
(22, '22.jpg', 'Steven', 'C123456795', '0912345555', '攀岩甲級、熟悉地質的探勘、地層的結構、擅長高山百岳健行、中級山探勘、高海拔遠征、精通登山野外求生技巧。', 56, 60, 60, 56, 55, 1),
(23, '23.jpg', 'Isabella', 'C123456796', '0912345455', '攀岩甲級、攀岩極冰攀略有涉獵、精通登山野外求生技巧。', 53, 55, 58, 57, 40, 1),
(24, '24.jpg\r\n', 'Natalie', 'C123456797', '0912345456', '擅長高山百岳健行、中級山探勘、高海拔遠征、攀岩極冰攀略有涉獵、精通登山野外求生技巧。', 57, 60, 56, 53, 58, 1),
(25, '25.jpg\r\n', 'Megan', 'C123456798', '0912345647', '攀岩甲級、熟悉地質的探勘、地層的結構、擅長高山百岳健行、中級山探勘、高海拔遠征、攀岩極冰攀略有涉獵、精通登山野外求生技巧。', 52, 56, 51, 56, 58, 1);

-- --------------------------------------------------------

--
-- Table structure for table `member`
--

CREATE TABLE `member` (
  `memNo` int(11) NOT NULL,
  `memName` varchar(30) DEFAULT NULL,
  `memId` varchar(30) DEFAULT NULL,
  `memImg` varchar(255) DEFAULT NULL,
  `memMail` varchar(50) DEFAULT NULL,
  `memTel` varchar(15) DEFAULT NULL,
  `memPsw` varchar(20) DEFAULT NULL,
  `memPoint` int(11) DEFAULT '0',
  `memStatus` tinyint(1) NOT NULL DEFAULT '1' COMMENT '0:停權 1:正常'
) ENGINE=InnoDB DEFAULT CHARSET=utf8;

--
-- Dumping data for table `member`
--

INSERT INTO `member` (`memNo`, `memName`, `memId`, `memImg`, `memMail`, `memTel`, `memPsw`, `memPoint`, `memStatus`) VALUES
(1, '文森', 'Vincent', '1.jpg', '1@', '0912394488', '1', 250, 1),
(2, '米津玄師', 'Lemon', '2.jpg', 'a124@gmail.com', '0912394488', '456', 3000, 1),
(3, '周杰倫', 'Jay', '3.jpg', 'a125@gmail.com', '0913234432', '789', 3000, 1),
(4, '羽生結弦', '維尼', '4.jpg', 'a126@gmail.com', '0912396666', 'abc', 100, 1),
(5, '蔡依林', 'Jolin', '5.jpg', 'a127@gmail.com', '0912393588', 'def', 5000, 1),
(6, '福爾摩斯', '夏洛克', '6.jpg', 'a128@gmail.com', '0912288434', 'qwe', 300, 1),
(7, '華生', '約翰', '7.jpg', 'a129@gmail.com', '0923443537', 'asd', 1100, 1),
(8, '權志龍', 'GD', '8.jpg', '2@', '0912324553', '1', 0, 0);

-- --------------------------------------------------------

--
-- Table structure for table `order`
--

CREATE TABLE `order` (
  `ordNo` int(11) NOT NULL COMMENT '訂單編號',
  `memId` int(11) NOT NULL COMMENT '會員編號',
  `pdNo` int(11) NOT NULL COMMENT '行程開團編號',
  `ordDate` date NOT NULL COMMENT '訂單日期',
  `people` char(1) CHARACTER SET utf8 NOT NULL COMMENT '參加人數',
  `ordPrice` int(11) NOT NULL COMMENT '訂單金額',
  `ordStart` date NOT NULL COMMENT '出發日期',
  `ordEnd` date NOT NULL COMMENT '結束日期',
  `ordStatus` char(1) CHARACTER SET utf8 NOT NULL COMMENT '訂單狀態0:已成立 1:已完成 2:待退款 3:已取消（已退款）',
  `rateCont` varchar(255) CHARACTER SET utf8 NOT NULL COMMENT '評價內容',
  `rate` char(1) CHARACTER SET utf8 NOT NULL COMMENT '評價等級'
) ENGINE=InnoDB DEFAULT CHARSET=latin1;

--
-- Dumping data for table `order`
--

INSERT INTO `order` (`ordNo`, `memId`, `pdNo`, `ordDate`, `people`, `ordPrice`, `ordStart`, `ordEnd`, `ordStatus`, `rateCont`, `rate`) VALUES
(1, 1, 1, '2018-08-01', '4', 29999, '2018-08-02', '2018-08-12', '1', '好山好水好無聊', '5'),
(2, 1, 1, '2018-08-12', '4', 29999, '2018-08-13', '2018-08-24', '1', '好山好水好無聊', '5'),
(3, 1, 1, '2018-08-24', '4', 29999, '2018-09-01', '2018-09-11', '1', '好山好水好無聊', '5'),
(4, 1, 1, '2018-09-11', '4', 29999, '2018-09-12', '2018-09-22', '1', '好山好水好無聊', '5'),
(5, 2, 1, '2018-08-01', '5', 39999, '2018-08-02', '2018-08-12', '1', '好山好水好好玩', '5'),
(6, 2, 1, '2018-08-12', '5', 39999, '2018-08-13', '2018-08-24', '1', '好山好水好好玩', '5'),
(7, 2, 1, '2018-08-24', '5', 39999, '2018-09-01', '2018-09-11', '1', '好山好水好好玩', '5'),
(8, 2, 1, '2018-09-11', '5', 39999, '2018-09-12', '2018-09-22', '1', '好山好水好好玩', '5'),
(9, 2, 1, '2018-09-22', '5', 39999, '2018-10-01', '2018-10-11', '1', '好山好水好好玩', '5'),
(10, 3, 1, '2018-08-01', '5', 49999, '2018-08-02', '2018-08-12', '1', '好山好水好想睡', '5'),
(11, 3, 1, '2018-08-12', '5', 49999, '2018-08-13', '2018-08-24', '1', '好山好水好想睡', '5'),
(12, 3, 1, '2018-08-24', '5', 49999, '2018-09-01', '2018-09-11', '1', '好山好水好想睡', '5'),
(13, 3, 1, '2018-09-11', '5', 49999, '2018-09-12', '2018-09-22', '1', '好山好水好想睡', '5'),
(14, 3, 1, '2018-09-22', '5', 49999, '2018-10-01', '2018-10-11', '1', '好山好水好想睡', '5');

-- --------------------------------------------------------

--
-- Table structure for table `passenger`
--

CREATE TABLE `passenger` (
  `ordNo` int(11) NOT NULL COMMENT '訂單編號',
  `psgName` varchar(30) CHARACTER SET utf8 NOT NULL COMMENT '旅客姓名',
  `birthday` date NOT NULL COMMENT '旅客生日',
  `psgTel` varchar(15) CHARACTER SET utf8 NOT NULL COMMENT '旅客電話',
  `psgId` char(10) CHARACTER SET utf8 NOT NULL COMMENT '旅客身分證字號'
) ENGINE=InnoDB DEFAULT CHARSET=latin1;

--
-- Dumping data for table `passenger`
--

INSERT INTO `passenger` (`ordNo`, `psgName`, `birthday`, `psgTel`, `psgId`) VALUES
(1, '楊過', '1990-01-01', '0912345678', 'A123456789'),
(1, '八六', '1990-01-02', '0912345679', 'B123456789'),
(1, '巴巴', '1990-01-03', '0912345680', 'C123456789'),
(1, '八五', '1990-01-04', '0912345681', 'D123456789'),
(2, '楊過', '1990-01-01', '0912345678', 'A123456789'),
(2, '八六', '1990-01-02', '0912345679', 'B123456789'),
(2, '巴巴', '1990-01-03', '0912345680', 'C123456789'),
(2, '八五', '1990-01-04', '0912345681', 'D123456789'),
(3, '楊過', '1990-01-01', '0912345678', 'A123456789'),
(3, '八六', '1990-01-02', '0912345679', 'B123456789'),
(3, '巴巴', '1990-01-03', '0912345680', 'C123456789'),
(3, '八五', '1990-01-04', '0912345681', 'D123456789'),
(4, '楊過', '1990-01-01', '0912345678', 'A123456789'),
(4, '八六', '1990-01-02', '0912345679', 'B123456789'),
(4, '巴巴', '1990-01-03', '0912345680', 'C123456789'),
(4, '八五', '1990-01-04', '0912345681', 'D123456789'),
(5, '八神庵', '1992-01-02', '0912345680', 'G138484757'),
(5, '炸蓮藕', '1992-02-04', '0912567873', 'H123456789'),
(5, '木斷銅', '1992-02-02', '0912567877', 'E123456789'),
(5, '草薙津', '1992-01-30', '0912567878', 'G138484758'),
(5, '炒蓮藕', '1992-02-03', '0912567874', 'G123456789'),
(6, '木斷銅', '1992-02-02', '0912567877', 'E123456789'),
(6, '八神庵', '1992-01-02', '0912345680', 'G138484757'),
(6, '炸蓮藕', '1992-02-04', '0912567873', 'H123456789'),
(6, '草薙津', '1992-01-30', '0912567878', 'G138484758'),
(6, '炒蓮藕', '1992-02-03', '0912567874', 'G123456789'),
(7, '木斷銅', '1992-02-02', '0912567877', 'E123456789'),
(7, '八神庵', '1992-01-02', '0912345680', 'G138484757'),
(7, '炸蓮藕', '1992-02-04', '0912567873', 'H123456789'),
(7, '草薙津', '1992-01-30', '0912567878', 'G138484758'),
(7, '炒蓮藕', '1992-02-03', '0912567874', 'G123456789'),
(8, '八神庵', '1992-01-02', '0912345680', 'G138484757'),
(8, '炸蓮藕', '1992-02-04', '0912567873', 'H123456789'),
(8, '草薙津', '1992-01-30', '0912567878', 'G138484758'),
(8, '炒蓮藕', '1992-02-03', '0912567874', 'G123456789'),
(8, '木斷銅', '1992-02-02', '0912567877', 'E123456789'),
(9, '八神庵', '1992-01-02', '0912345680', 'G138484757'),
(9, '炸蓮藕', '1992-02-04', '0912567873', 'H123456789'),
(9, '草薙津', '1992-01-30', '0912567878', 'G138484758'),
(9, '炒蓮藕', '1992-02-03', '0912567874', 'G123456789'),
(9, '木斷銅', '1992-02-02', '0912567877', 'E123456789'),
(10, '四斷仁', '1992-02-05', '0912567871', 'K123456789'),
(10, '五斷仁', '1992-02-06', '0912567870', 'K123456788'),
(10, '木蓮藕', '1992-02-03', '0912567876', '123456789'),
(10, '八九', '1992-02-07', '0912567869', 'O123456788'),
(10, '三斷仁', '1992-02-05', '0912567872', 'I123456789'),
(11, '四斷仁', '1992-02-05', '0912567871', 'K123456789'),
(11, '五斷仁', '1992-02-06', '0912567870', 'K123456788'),
(11, '木蓮藕', '1992-02-03', '0912567876', '123456789'),
(11, '八九', '1992-02-07', '0912567869', 'O123456788'),
(11, '三斷仁', '1992-02-05', '0912567872', 'I123456789'),
(12, '三斷仁', '1992-02-05', '0912567872', 'I123456789'),
(12, '八九', '1992-02-07', '0912567869', 'O123456788'),
(12, '木蓮藕', '1992-02-03', '0912567876', '123456789'),
(12, '五斷仁', '1992-02-06', '0912567870', 'K123456788'),
(12, '四斷仁', '1992-02-05', '0912567871', 'K123456789'),
(13, '三斷仁', '1992-02-05', '0912567872', 'I123456789'),
(13, '八九', '1992-02-07', '0912567869', 'O123456788'),
(13, '木蓮藕', '1992-02-03', '0912567876', '123456789'),
(13, '五斷仁', '1992-02-06', '0912567870', 'K123456788'),
(13, '四斷仁', '1992-02-05', '0912567871', 'K123456789'),
(14, '三斷仁', '1992-02-05', '0912567872', 'I123456789'),
(14, '八九', '1992-02-07', '0912567869', 'O123456788'),
(14, '木蓮藕', '1992-02-03', '0912567876', '123456789'),
(14, '五斷仁', '1992-02-06', '0912567870', 'K123456788'),
(14, '四斷仁', '1992-02-05', '0912567871', 'K123456789');

-- --------------------------------------------------------

--
-- Table structure for table `productChecklist`
--

CREATE TABLE `productChecklist` (
  `pdkNo` int(11) NOT NULL COMMENT 'FK',
  `eqmNo` int(11) NOT NULL COMMENT 'FK'
) ENGINE=InnoDB DEFAULT CHARSET=utf8;

--
-- Dumping data for table `productChecklist`
--

INSERT INTO `productChecklist` (`pdkNo`, `eqmNo`) VALUES
(1, 1),
(1, 2),
(1, 3),
(1, 4),
(1, 5),
(1, 6),
(1, 7),
(1, 8),
(1, 9),
(1, 10),
(1, 11),
(1, 12),
(1, 13),
(1, 15),
(1, 16),
(1, 17),
(1, 18),
(1, 19),
(1, 20),
(1, 21),
(1, 25),
(1, 26),
(1, 27),
(1, 28),
(1, 29),
(1, 30),
(1, 31),
(1, 32),
(1, 33),
(1, 34),
(1, 35),
(1, 36),
(1, 37),
(2, 1),
(2, 2),
(2, 3),
(2, 4),
(2, 5),
(2, 6),
(2, 7),
(2, 8),
(2, 9),
(2, 10),
(2, 11),
(2, 12),
(2, 13),
(2, 14),
(2, 15),
(2, 16),
(2, 17),
(2, 18),
(2, 19),
(2, 20),
(2, 21),
(2, 22),
(2, 23),
(2, 24),
(2, 25),
(2, 26),
(2, 27),
(2, 28),
(2, 29),
(2, 30),
(2, 31),
(2, 32),
(2, 33),
(2, 34),
(2, 35),
(2, 36),
(2, 37),
(3, 1),
(3, 2),
(3, 3),
(3, 4),
(3, 5),
(3, 6),
(3, 7),
(3, 8),
(3, 9),
(3, 10),
(3, 11),
(3, 12),
(3, 13),
(3, 15),
(3, 16),
(3, 17),
(3, 18),
(3, 19),
(3, 20),
(3, 21),
(3, 25),
(3, 26),
(3, 27),
(3, 28),
(3, 29),
(3, 30),
(3, 31),
(3, 32),
(3, 33),
(3, 34),
(3, 35),
(3, 36),
(3, 37),
(4, 1),
(4, 2),
(4, 3),
(4, 4),
(4, 5),
(4, 6),
(4, 7),
(4, 8),
(4, 9),
(4, 10),
(4, 11),
(4, 12),
(4, 13),
(4, 14),
(4, 15),
(4, 16),
(4, 17),
(4, 18),
(4, 19),
(4, 20),
(4, 21),
(4, 22),
(4, 23),
(4, 24),
(4, 25),
(4, 26),
(4, 27),
(4, 28),
(4, 29),
(4, 30),
(4, 31),
(4, 32),
(4, 33),
(4, 34),
(4, 35),
(4, 36),
(4, 37),
(5, 1),
(5, 2),
(5, 3),
(5, 4),
(5, 5),
(5, 6),
(5, 7),
(5, 8),
(5, 9),
(5, 10),
(5, 11),
(5, 12),
(5, 13),
(5, 15),
(5, 16),
(5, 17),
(5, 18),
(5, 19),
(5, 20),
(5, 21),
(5, 24),
(5, 25),
(5, 26),
(5, 27),
(5, 28),
(5, 29),
(5, 30),
(5, 31),
(5, 32),
(5, 33),
(5, 34),
(5, 35),
(5, 36),
(5, 37),
(6, 1),
(6, 2),
(6, 3),
(6, 4),
(6, 5),
(6, 6),
(6, 7),
(6, 8),
(6, 9),
(6, 10),
(6, 11),
(6, 12),
(6, 13),
(6, 14),
(6, 15),
(6, 16),
(6, 17),
(6, 18),
(6, 19),
(6, 20),
(6, 21),
(6, 22),
(6, 23),
(6, 24),
(6, 25),
(6, 26),
(6, 27),
(6, 28),
(6, 29),
(6, 30),
(6, 31),
(6, 32),
(6, 33),
(6, 34),
(6, 35),
(6, 36),
(6, 37),
(7, 1),
(7, 2),
(7, 3),
(7, 4),
(7, 5),
(7, 6),
(7, 7),
(7, 8),
(7, 9),
(7, 10),
(7, 11),
(7, 12),
(7, 13),
(7, 15),
(7, 16),
(7, 17),
(7, 18),
(7, 19),
(7, 20),
(7, 21),
(7, 25),
(7, 26),
(7, 27),
(7, 28),
(7, 29),
(7, 30),
(7, 31),
(7, 32),
(7, 33),
(7, 34),
(7, 35),
(7, 36),
(7, 37),
(8, 1),
(8, 2),
(8, 3),
(8, 4),
(8, 5),
(8, 6),
(8, 7),
(8, 8),
(8, 9),
(8, 10),
(8, 11),
(8, 12),
(8, 13),
(8, 14),
(8, 15),
(8, 16),
(8, 17),
(8, 18),
(8, 19),
(8, 20),
(8, 21),
(8, 22),
(8, 23),
(8, 24),
(8, 25),
(8, 26),
(8, 27),
(8, 28),
(8, 29),
(8, 30),
(8, 31),
(8, 32),
(8, 33),
(8, 34),
(8, 35),
(8, 36),
(8, 37),
(9, 1),
(9, 2),
(9, 3),
(9, 4),
(9, 5),
(9, 6),
(9, 7),
(9, 8),
(9, 9),
(9, 10),
(9, 11),
(9, 12),
(9, 13),
(9, 14),
(9, 15),
(9, 16),
(9, 17),
(9, 18),
(9, 19),
(9, 20),
(9, 21),
(9, 22),
(9, 23),
(9, 24),
(9, 25),
(9, 26),
(9, 27),
(9, 28),
(9, 29),
(9, 30),
(9, 31),
(9, 32),
(9, 33),
(9, 34),
(9, 35),
(9, 36),
(9, 37),
(10, 1),
(10, 2),
(10, 3),
(10, 4),
(10, 5),
(10, 6),
(10, 7),
(10, 8),
(10, 9),
(10, 10),
(10, 11),
(10, 12),
(10, 13),
(10, 15),
(10, 16),
(10, 17),
(10, 18),
(10, 19),
(10, 20),
(10, 21),
(10, 25),
(10, 26),
(10, 27),
(10, 28),
(10, 29),
(10, 30),
(10, 31),
(10, 32),
(10, 33),
(10, 34),
(10, 35),
(10, 36),
(10, 37);

-- --------------------------------------------------------

--
-- Table structure for table `robot`
--

CREATE TABLE `robot` (
  `qsNo` int(11) NOT NULL COMMENT 'PK Auto Increment',
  `defaultQ` varchar(30) CHARACTER SET utf8 NOT NULL,
  `ans1` varchar(100) CHARACTER SET utf8 NOT NULL,
  `ans2` varchar(100) CHARACTER SET utf8 DEFAULT NULL,
  `ans3` varchar(100) CHARACTER SET utf8 DEFAULT NULL,
  `ans4` varchar(100) CHARACTER SET utf8 DEFAULT NULL,
  `qsOrd` char(1) CHARACTER SET utf8 NOT NULL
) ENGINE=InnoDB DEFAULT CHARSET=latin1;

--
-- Dumping data for table `robot`
--

INSERT INTO `robot` (`qsNo`, `defaultQ`, `ans1`, `ans2`, `ans3`, `ans4`, `qsOrd`) VALUES
(1, '大洋洲', '大洋洲我們有阿斯帕林山', NULL, NULL, NULL, '3'),
(2, '歐洲', '歐洲我們有阿爾卑斯山', NULL, NULL, NULL, '2'),
(3, '亞洲', '亞洲我們推薦日本富士山', '亞洲我們推薦喜馬拉雅山', '亞洲我們推薦珠穆朗瑪峰', '亞洲我們推薦台灣的玉山', '1'),
(4, '北美洲', '北美洲我們有優勝美地', NULL, NULL, NULL, '4'),
(5, '南美洲', '南美洲我們推薦百內國家公園聖克魯斯山', '南美洲我們推薦馬丘比丘', '南美洲我們推薦聖克魯斯山', NULL, '5'),
(6, '非洲', '非洲我們有吉力馬札羅山', NULL, NULL, NULL, '6'),
(7, '行程', '你想自行規劃還是官方行程呢?', '你想要去哪一個洲的山呢', '有找到想去的景點嗎？', NULL, ''),
(8, '自行', '你有想去的地方嗎?我們有6大洲可以選擇', '自訂行程我們推薦玉山', '自訂行程我們推薦富士山', NULL, ''),
(9, '官方', '你有看到中意的行程嗎', '有想去的景點嗎？', '可以參考我們的行程頁面', NULL, ''),
(10, '其他回答', '可以說的更詳細一點嗎?或者參考下面標籤', '咩～～', '我只是隻羊我什麼都不知道', '怎麼會問羊這種問題呢？', '');

-- --------------------------------------------------------

--
-- Table structure for table `scenery`
--

CREATE TABLE `scenery` (
  `scnNo` int(11) NOT NULL,
  `scnImg` varchar(255) NOT NULL,
  `scnTitle` varchar(255) NOT NULL,
  `scnCont` text NOT NULL,
  `iconList` text NOT NULL,
  `scnPrice` int(11) NOT NULL
) ENGINE=InnoDB DEFAULT CHARSET=utf8;

--
-- Dumping data for table `scenery`
--

INSERT INTO `scenery` (`scnNo`, `scnImg`, `scnTitle`, `scnCont`, `iconList`, `scnPrice`) VALUES
(1, '1.jpg', '西峰觀景台', '位於玉山西峰的觀景台，可以一覽玉山主峰及小南山，是登玉山的必經景點之一。', 'fa-campground|restaurant', 1000),
(2, '2.jpg', '排雲山莊', '此處可見雲海、夕陽、晚霞等特殊景緻，為登玉山群峰之重要據點。此處原有木造山莊為日治時代(1943年)所建，做為日警駐在所。光復後警察駐在所撤銷民國56年，林務局重建排雲山莊為磚造平房，約可供60名登山者歇宿，駐有管理員管理。', 'fa-campground|restaurant', 3200),
(3, '3.jpg', '塔塔加', '塔塔加(TATAKA)鄒族原住民語言，意為寬闊、平台草原的地方。是新中橫公路最高點，塔塔加地區，向東可眺望玉山主、連峰之高山景觀，往西隔神木溪與祝山、塔山山脈相望，清晨、傍晚在山壑間常有雲海、山嵐形成，在入冬之際，附近山區台灣紅榨槭變紅時，楓紅景色在翠綠森林中，在春分清晨季節，山間林中盛開的森氏杜鵑白裡帶紅的花朵為大地添粧了彩衣。在塔塔加遊憩區有開闢步道系統、設置遊客服務中心、配合解說員、各項牌示，讓遊客享受一趟有意義的國家公園生態之旅。 ', 'fa-tint|restaurant', 2100),
(4, '1.jpg', '珠峰大本營', '珠峰大本營是個以藏棚圍成的一個基地，有電沒水，許多登山客會在此地住宿，環境艱困建議提前吃預防高山症藥物。這裡還有世界最高的郵局，可以寄明信片給未來的自己，回憶感動的一刻。', 'fa-campground|fa-tint|restaurant', 45000),
(5, '2.jpg', '絨布寺', '世界最高的寺廟，為登山客進入北坡的登山路線之一。', 'fa-campground|fa-tint|restaurant', 30000),
(6, '3.jpg', '珠峰觀景台', '珠峰觀景台位於日喀則定日縣珠峰路22公里處，這是到珠峰大本營的必經之路。彎彎曲曲的盤山道有102公里，全為土石路，駕車需3-4小時到大本營。觀景台在這條路的22公里處，海拔達5200米。從這裏向南瞭望，可見珠峰等諸座高達8000米雪山。', 'fa-tint|restaurant', 44000),
(7, '1.jpg', '淺間大社奧宮', '矗立在富士山山頂的淺間大社奧宮，來到富士山山頂一定要來參拜一下，來求點好運跟平安，以及最重要的是可以帶著金剛杖來到淺間大社奧社，烙印上「御朱印」，這樣金剛杖的收集才算圓滿。', 'fa-tint|restaurant', 20000),
(8, '2.jpg', '吉田口小御嶽神社', '選擇吉田口路線的朋友，建議可以先來到登山口前的小御嶽神社來參拜，祈求爬山安全！也可以祈求家運、長壽、戀愛運、交通平安（這都是小御嶽神社專門的），更重要的是御守是獨有的富士山圖樣，很可愛也很有紀念的意義。', 'fa-tint|restaurant', 15000),
(9, '3.jpg', '富士五合目', '富士五合目也是富士山最熱門的登山口，因為從河口湖就有巴士可以直達五合目，加上又有郵局、神社、販賣處等實用的設施，許多登山客都會從這開始挑戰富士山。', 'hotel|fa-tint|restaurant', 14900),
(10, '1.jpg', '瓦納卡孤樹', '瓦納卡孤樹是瓦納卡湖的著名地標，因為四季的景色變化而被譽為全球最美樹之一，同時也有許多攝影愛好者慕名前來。', 'fa-tint|restaurant', 50000),
(11, '2.jpg', '瓦納卡湖', '瓦納卡湖是紐西蘭的四大湖泊之一，因湖面的多樣色澤及其倒映的艾斯帕林山而形成的自然美景，使其成為景點之一。', 'fa-tint|restaurant', 60000),
(12, '3.jpg', '瓦納卡', '湖畔小鎮瓦納卡位於新西蘭南島，是休閒度假，家庭娛樂的絕佳選擇。這裡有非常多的咖啡館、餐館和趣味商店。同時也是觀光飛行或跳傘的景點。冬天更是擠滿了滑雪運動愛好者。同時瓦納卡也是徒步旅行或登阿斯怕林山國家公園的方便基地。', 'hotel|fa-tint|restaurant', 64000),
(13, '1.jpg', '百內三塔', '百內三塔步道總長9公里，是百內國家公園內最具指標性的景點，同時也是難度最高的一段路 如果從最山腳下的出發，當天來回最少都需要8小時。', 'fa-campground|fa-tint|restaurant', 70000),
(14, '2.jpg', '格雷冰川', '格雷冰川是百內國家公園裡最大的冰川之一，整個冰川寬6公里，高達30多米，無比壯觀。同時當冰川斷裂的大量碎冰落入湖中的過程更是一大看點。', 'fa-tint|restaurant', 55000),
(15, '3.jpg', '薩米恩托湖', '薩米恩托湖不同於其他公園內的冰川湖泊，薩米恩托的湖水是源自於雨水，湖中的鈣沉積物使其具有獨特的白銀色澤。', 'fa-tint|restaurant', 55000),
(16, '1.jpg', '莫希', '莫希位於非洲第一高峰吉力馬札羅山的山腳下，是吉力馬札羅區的首府，是坦尚尼亞主要咖啡種植區之一，和阿魯沙的喧鬧紊亂比起，莫希顯得寧靜不少，治安也不錯，物價比起阿魯沙便宜。', 'fa-tint|restaurant', 55000),
(17, '2.jpg', '塞倫蓋地國家公園', '塞倫蓋提國家公園是坦尚尼亞的一座大型國家公園，位於塞倫蓋提地區，因每年都會出現超過150萬隻牛羚和約25萬隻斑馬的大規模遷徙而聞名。', 'hotel|fa-tint|restaurant', 60000),
(18, '3.jpg', '恩格龍格魯國家公園', '恩格龍格魯火山口直徑長達23公里，火山口峭壁高達610公尺，面積265平方公里，有\"天然動物園\"及\"世界第八大奇景\"美稱。搭乘四輪傳動吉普車，下坡，開到2000英尺深的火山口底部，追蹤角馬羚、斑馬、羚羊、犀牛、獅子。', 'fa-tint|restaurant', 54000),
(19, '1.jpg', '歐雁台', '歐雁台本身仍是個很有味道的小鎮。位於一個山谷中，小鎮的佈局跟印加時期的城市佈局相似。印加人修建房屋之前都會向Pancha Mama大地母親祈福，這些小雕像代表了大地目前的祝福。 ', 'hotel|fa-tint|restaurant', 50900),
(20, '2.jpg', '烏魯班巴', '位於庫斯科和馬丘比丘間的小鎮，以其印加遺址像古羅馬圓形劇場般的巨大梯田Moray聞名。', 'fa-tint|restaurant', 50000),
(21, '3.jpg', '薩克塞瓦曼', '位於武器廣場北部的一座小山上，被認為是馬丘比丘外最大最壯觀的印加遺址。薩克塞瓦曼在庫斯科歷史上幾次大的地震較好的保存了下來。現在遊客們看到的石陣是它在鼎盛時期面積的20%。今天薩克塞瓦曼不僅是到庫斯科的遊客必遊的一個景點，每年6月底盛大的太陽節慶典Inti Raymi的重頭表演在這裡舉行。', 'hotel|fa-tint|restaurant', 2000),
(22, '1.jpg', '斯芬克斯觀景平台', '斯芬克斯海拔3571米，當中設有被暱稱爲「歐洲之巔」(Top of Europe)的歐洲海拔最高的火車站。一條特意爲悠然漫步而設的小徑，從少女峰山坳通向僧侶峰山坳的高山小屋，全程1.5小時，具體時間視乎天氣狀况而定。', 'fa-campground|fa-tint|restaurant', 60000),
(23, '2.jpg', '格林德瓦', '河谷中的格林德瓦是一個溫馨的綠色山谷，四週是艾格峰北麓和韋特霍恩的雄偉壯麗山景，也是少女峰地區最大的滑雪勝地。', 'hotel|fa-tint|restaurant', 40000),
(24, '3.jpg', '阿雷奇冰河', '從少女峰一直延伸到阿雷奇地區，長23.3公里、寬800米，是歐亞大陸最大最長的冰河，也是世界遺產，除了壯麗的景觀，更提供了多樣動植物棲息生態。看似靜止不動的冰川,每年仍以3公尺的速度向下鑿切。', 'fa-tint|restaurant', 49000),
(25, '1.jpg', '69湖', '69湖宛如藍寶石般透明閃耀的冰河湖在眼前出現，抬頭一望就是6000公尺以上的冰雪山頭，還有荒涼的碎石山壁上嘩啦啦垂流的瀑布。', 'fa-tint|restaurant', 4500),
(26, '2.jpg', '邱魯普湖', '自3800米高的登山口一路到4450米處，沿途都是壯闊景色，可眺望黑山山脈。這裡只有一條清楚向上的路線，不會迷路且容易行走，只有最後到達瀑布後向上的陡坡需要手腳並用，瀑布左右兩邊都有路線可爬。', 'fa-tint|restaurant', 3500),
(27, '3.jpg', '帕斯托魯尼冰河', '帕斯托魯尼冰川位在瓦斯卡蘭國家公園境內南側，是全世界緯度最低的冰河，到達冰河前須走上約30至40分鐘的一段路，因為海拔高，隨便走走都要比平地行走困難許多，因此這裡也有驢子供遊客自費搭乘。', 'fa-tint|restaurant', 6000),
(28, '1.jpg', '優勝美地瀑布', '優勝美地瀑布在不同的時節來看都會有不同地風情。但最佳觀賞時間，屬於白雪剛剛融化的春季。山上積雪融化，沿著優勝美地的石壁噴出宣洩，造就優勝美地中一重又一重的美麗瀑布，也成為優勝美地國家公園中最大的賣點之一。', 'fa-tint|restaurant', 10000),
(29, '2.jpg', '隧道觀景點', '優勝美地峽谷以西的壯觀景緻(須開車，園區巴士不會到達)，可看到酋長石、白紗瀑布、和半圓丘，同時也是看到優勝美地全景的最佳地點之一。', 'fa-tint|restaurant', 6000),
(30, '3.jpg', '冰川峰頂', '優勝美地裡最壯觀的景點之一，可一覽優勝美地瀑布、優勝美地峽谷、和著名的半圓丘。可開車、搭乘付費專車上去、或是爬山爬上去。', 'fa-tint|restaurant', 8100);

-- --------------------------------------------------------

--
-- Table structure for table `sceneryList`
--

CREATE TABLE `sceneryList` (
  `pdkNo` int(11) NOT NULL COMMENT '行程種類編號',
  `scnNo` int(11) NOT NULL COMMENT '景點編號',
  `scnOrd` varchar(2) DEFAULT NULL COMMENT '0:沒被列入'
) ENGINE=InnoDB DEFAULT CHARSET=utf8;

--
-- Dumping data for table `sceneryList`
--

INSERT INTO `sceneryList` (`pdkNo`, `scnNo`, `scnOrd`) VALUES
(1, 1, '2'),
(1, 2, '3'),
(1, 3, '1'),
(2, 4, '3'),
(2, 5, '1'),
(2, 6, '2'),
(3, 7, '3'),
(3, 8, '2'),
(3, 9, '1'),
(4, 10, '2'),
(4, 11, '3'),
(4, 12, '1'),
(5, 13, '3'),
(5, 14, '2'),
(5, 15, '1'),
(6, 16, '1'),
(6, 17, '3'),
(6, 18, '2'),
(7, 19, '3'),
(7, 20, '2'),
(7, 21, '1'),
(8, 22, '2'),
(8, 23, '1'),
(8, 24, '3'),
(9, 25, '1'),
(9, 26, '2'),
(9, 27, '3'),
(10, 28, '2'),
(10, 29, '1'),
(10, 30, '3');

-- --------------------------------------------------------

--
-- Table structure for table `tech`
--

CREATE TABLE `tech` (
  `techNO` int(11) NOT NULL COMMENT 'PK Auto Increment',
  `techOre` char(2) CHARACTER SET utf8 NOT NULL,
  `techTitle` varchar(255) CHARACTER SET utf8 NOT NULL,
  `techCont` text CHARACTER SET utf8 NOT NULL
) ENGINE=InnoDB DEFAULT CHARSET=latin1;

--
-- Dumping data for table `tech`
--

INSERT INTO `tech` (`techNO`, `techOre`, `techTitle`, `techCont`) VALUES
(1, '1', '山前暖身', '爬山前做好熱身運動最好能在出發前做5—10分鐘的拉伸運動，這樣可以更快地喚醒身體到運動狀態，同時也可以很好的減少肌肉受傷。'),
(2, '2', '起步速度慢', '即使做好了熱身運動，剛開始也不要一路飛奔，登山前半個小時的主要任務是逐漸找到身體最舒服的行進節奏。舒適的行進節奏可以讓你前進得更遠更久。'),
(5, '3', '調整呼吸', '坡度變陡時，登山者很容易覺得呼吸不暢，這時候儘量調整讓呼吸節奏與腳步相配合。可以嘗試一步一呼，一步一吸，或者一步一呼吸，找到合適的呼吸頻率會越走越舒服。'),
(6, '4', '上坡腳後跟先著地', '大腿的力量會被更充分地調動起來。'),
(7, '5', '爬坡使用全身肌肉', '盡可能使用全身爬坡。如果在陡峭路段，合理利用，手腕、背部、腹部、肩膀等肌肉能使爬坡更安全更有效率。(可以事前準備一雙手套。)'),
(8, '6', '休息技巧', '最好在會累之前先休息，這就好比不要等渴了再喝水，已免錯過了最佳調整時期。 另外要控制好休息頻率。如果休息得太頻繁，行進過程總被打斷，也會讓人覺得總也不能到達目的地，感覺更累。(爬山過程中最好採取短時休息與長時休息相結合的方法。  小休息，3—5分鐘就行，其實都不用坐下來，就站著喝點水，調整一下呼吸就好；長時間休息，可以放下行李充分放鬆一下，同時做一些伸展動作讓你的肌肉休息得更充分。'),
(9, '7', '身體重心偏後', '儘量把重心放在後腳，膝蓋可以適當彎曲，這樣有助於保持穩定。'),
(10, '8', '善用登山杖', '登山杖可以有效地減輕雙腿負擔，同時使用兩根登山杖會更輕鬆一些，同時沒有登山杖的情況下，很多時候就地取材就能臨時製作一根簡易登山杖。'),
(11, '9', '確實做好高度適應', '到了海拔2500公尺以上的高山，由於空氣稀薄、大氣壓力降低，人體可利用的氧氣量不夠，會造成身體不舒服，這就是高山症。預防高山病，只有兩種方法，一是吃藥預防，二是妥善安排登山行程來做好高度適應。'),
(12, '10', '隨身攜帶雨衣、保暖衣物', '登山時要穿透氣排汗的機能衣，如果內層穿棉質衣物，外層又只是一般的防風外套，水氣排不出去，一流汗就全身濕透，很容易失溫。他提醒，衣服濕了必須儘快換上備用衣物，繼續穿著濕衣服會更冷。 體溫降到攝氏35度時會嚴重顫抖，但意識還清楚；一旦降到32度時則意識模糊、停止顫抖、逐漸走向死亡了。 為了避免失溫，背包裡應該攜帶下列物品：風雨衣、備用保暖衣物（用雙層塑膠袋包起來防水）、頭燈或手電筒、糧食、水。'),
(13, '11', '防蚊蟲、蛇叮咬', '外出爬山遊玩時儘量穿褲腳緊的褲子，或者是穿寬鬆一點的褲子把褲腿紮緊或把褲腿塞進襪子或鞋子裡。'),
(14, '12', '行動落後', '安排登山活動的行程時，最好要有安排預備日的觀念，一般是每三天就安排有一天的預備日，這樣在一星期的行程中，可以有兩天的預備日，如果遇到壞天氣或困難地形時，就有充裕的時間可以應付，避免為了行動落後而趕路發生危險。 如果行程較原定計畫預期的時間落後許多，最好以無線電通訊設法聯絡留守人員力以免誤會有山難事件發生或讓留守人員得以瞭解遲歸的狀況。'),
(15, '13', '撤退路線、留守單位', '擬定登山健行活動計畫時，也要包括發生緊急事件時安排適合撤退的路線與容易執行的應變計畫，並且將詳細資料備份留給擔任留守聯絡的單位或人員，以便萬一需要時救援人員可以有參考資料。 擔任留守的單位或人員，最好是找對登山活動地區環境熟悉的資深登山界人士。'),
(16, '14', '惡劣天氣', '從事登山活動遇到惡劣的天氣變化時，不要動強繼續前進，最好是及時撤退下山，或在較安全的處所休息等待天氣好轉。全體隊員應共同合作應付困難，不要過度分散行動，才能互動，才能互助合作共度難關。'),
(17, '15', '意外迷途', '登山活動在行程中發生意外迷途的情況時，要立即停下來冷靜思考，若無法回到正確途徑，應調適身心狀態，妥善安置保護自己，並建立適當的標誌，讓救援人員迅速發現受困位置，不要再盲目亂闖。如果是什後接近傍晚時發生這種情況，必要時就立即開始準備野地露宿，避免離開正確的途徑愈來愈遠。');

--
-- Indexes for dumped tables
--

--
-- Indexes for table `equipment`
--
ALTER TABLE `equipment`
  ADD PRIMARY KEY (`eqmNo`);

--
-- Indexes for table `guide`
--
ALTER TABLE `guide`
  ADD PRIMARY KEY (`gdNo`);

--
-- Indexes for table `member`
--
ALTER TABLE `member`
  ADD PRIMARY KEY (`memNo`);

--
-- Indexes for table `order`
--
ALTER TABLE `order`
  ADD PRIMARY KEY (`ordNo`);

--
-- Indexes for table `passenger`
--
ALTER TABLE `passenger`
  ADD KEY `ordNo` (`ordNo`);

--
-- Indexes for table `productChecklist`
--
ALTER TABLE `productChecklist`
  ADD PRIMARY KEY (`pdkNo`,`eqmNo`);

--
-- Indexes for table `robot`
--
ALTER TABLE `robot`
  ADD PRIMARY KEY (`qsNo`);

--
-- Indexes for table `scenery`
--
ALTER TABLE `scenery`
  ADD PRIMARY KEY (`scnNo`);

--
-- Indexes for table `sceneryList`
--
ALTER TABLE `sceneryList`
  ADD PRIMARY KEY (`pdkNo`,`scnNo`),
  ADD UNIQUE KEY `scnNo` (`scnNo`);

--
-- Indexes for table `tech`
--
ALTER TABLE `tech`
  ADD PRIMARY KEY (`techNO`);

--
-- AUTO_INCREMENT for dumped tables
--

--
-- AUTO_INCREMENT for table `equipment`
--
ALTER TABLE `equipment`
  MODIFY `eqmNo` int(11) NOT NULL AUTO_INCREMENT, AUTO_INCREMENT=38;

--
-- AUTO_INCREMENT for table `guide`
--
ALTER TABLE `guide`
  MODIFY `gdNo` int(11) NOT NULL AUTO_INCREMENT COMMENT '嚮導編號', AUTO_INCREMENT=26;

--
-- AUTO_INCREMENT for table `member`
--
ALTER TABLE `member`
  MODIFY `memNo` int(11) NOT NULL AUTO_INCREMENT, AUTO_INCREMENT=9;

--
-- AUTO_INCREMENT for table `order`
--
ALTER TABLE `order`
  MODIFY `ordNo` int(11) NOT NULL AUTO_INCREMENT COMMENT '訂單編號', AUTO_INCREMENT=15;

--
-- AUTO_INCREMENT for table `robot`
--
ALTER TABLE `robot`
  MODIFY `qsNo` int(11) NOT NULL AUTO_INCREMENT COMMENT 'PK Auto Increment', AUTO_INCREMENT=11;

--
-- AUTO_INCREMENT for table `scenery`
--
ALTER TABLE `scenery`
  MODIFY `scnNo` int(11) NOT NULL AUTO_INCREMENT, AUTO_INCREMENT=31;

--
-- AUTO_INCREMENT for table `tech`
--
ALTER TABLE `tech`
  MODIFY `techNO` int(11) NOT NULL AUTO_INCREMENT COMMENT 'PK Auto Increment', AUTO_INCREMENT=18;

--
-- Constraints for dumped tables
--

--
-- Constraints for table `passenger`
--
ALTER TABLE `passenger`
  ADD CONSTRAINT `passenger_ibfk_1` FOREIGN KEY (`ordNo`) REFERENCES `order` (`ordNo`);
